('ACTR3B', 'ACTR3B', 0.1407276933592723)
('ACTR3B', 'ANLN', -0.02339765497660234)
('ACTR3B', 'BAG1', 0.008228613491771387)
('ACTR3B', 'BCL2', -0.17663915032336083)
('ACTR3B', 'BIRC5', 0.03893474946106525)
('ACTR3B', 'BLVRA', -0.043403964456596035)
('ACTR3B', 'CCNB1', -0.1768231768231768)
('ACTR3B', 'CCNE1', 0.25931962774068035)
('ACTR3B', 'CDC20', 0.0888847994111152)
('ACTR3B', 'CDH3', 0.31465902518534095)
('ACTR3B', 'CENPF', 0.05373573794626426)
('ACTR3B', 'CEP55', 0.04850412745149587)
('ACTR3B', 'CXXC5', -0.37173352962826645)
('ACTR3B', 'EGFR', 0.4131657815868342)
('ACTR3B', 'ERBB2', -0.23316157526683842)
('ACTR3B', 'ESR1', -0.313107944686892)
('ACTR3B', 'EXO1', -0.004679530995320469)
('ACTR3B', 'FGFR4', 0.005652242494347758)
('ACTR3B', 'FOXA1', -0.40598874809401125)
('ACTR3B', 'FOXC1', 0.3660812871339187)
('ACTR3B', 'GRB7', -0.04390346495609653)
('ACTR3B', 'KIF2C', 0.02321362847678637)
('ACTR3B', 'KRT14', 0.27111414900888586)
('ACTR3B', 'KRT17', 0.29985803670014194)
('ACTR3B', 'KRT5', 0.3351920341394026)
('ACTR3B', 'MAPT', -0.29801777170198224)
('ACTR3B', 'MELK', 0.1254534938745465)
('ACTR3B', 'MKI67', 0.03475471896524528)
('ACTR3B', 'MLPH', -0.3174194226825805)
('ACTR3B', 'MMP11', -0.12392870287607127)
('ACTR3B', 'MYC', 0.0904095904095904)
('ACTR3B', 'NAT1', -0.2671013197328987)
('ACTR3B', 'NDC80', 0.03186287396813712)
('ACTR3B', 'NUF2', 0.02389715547610284)
('ACTR3B', 'PGR', -0.3066933066933067)
('ACTR3B', 'PHGDH', 0.01735106998264893)
('ACTR3B', 'RRM2', -0.05668016194331983)
('ACTR3B', 'SFRP1', 0.4166097060833902)
('ACTR3B', 'SLC39A6', -0.321914927178085)
('ACTR3B', 'TYMS', 0.08110310741889688)
('ACTR3B', 'UBE2C', 0.054971344445028644)
('ACTR3B', 'UBE2T', -0.04503391345496608)
('ANLN', 'ACTR3B', 0.20392765129607235)
('ANLN', 'ANLN', 0.6956201693043798)
('ANLN', 'BAG1', -0.12939691887060306)
('ANLN', 'BCL2', -0.353252011146748)
('ANLN', 'BIRC5', 0.5681686734318312)
('ANLN', 'BLVRA', -0.18286976181713022)
('ANLN', 'CCNB1', 0.48138703401861294)
('ANLN', 'CCNE1', 0.5908302224091697)
('ANLN', 'CDC20', 0.5985067564014932)
('ANLN', 'CDH3', 0.4400073610599926)
('ANLN', 'CENPF', 0.5836531889163468)
('ANLN', 'CEP55', 0.6298964193701035)
('ANLN', 'CXXC5', -0.31702508018297487)
('ANLN', 'EGFR', 0.25448235974551764)
('ANLN', 'ERBB2', -0.17737525632262474)
('ANLN', 'ESR1', -0.2998317472001682)
('ANLN', 'EXO1', 0.56157000893843)
('ANLN', 'FGFR4', -0.0028129764971870233)
('ANLN', 'FOXA1', -0.39534150060465845)
('ANLN', 'FOXC1', 0.3306956201693043)
('ANLN', 'GRB7', -0.0011830274988169724)
('ANLN', 'KIF2C', 0.6352857668647143)
('ANLN', 'KRT14', 0.16349965823650034)
('ANLN', 'KRT17', 0.32980177717019815)
('ANLN', 'KRT5', 0.2391465149359886)
('ANLN', 'MAPT', -0.3360323886639676)
('ANLN', 'MELK', 0.6069193963930806)
('ANLN', 'MKI67', 0.5044166359955833)
('ANLN', 'MLPH', -0.3682896051317104)
('ANLN', 'MMP11', -0.06275303643724696)
('ANLN', 'MYC', 0.2567695462432304)
('ANLN', 'NAT1', -0.19814396130185602)
('ANLN', 'NDC80', 0.6988011988011988)
('ANLN', 'NUF2', 0.5295756874704243)
('ANLN', 'PGR', -0.3217046111782953)
('ANLN', 'PHGDH', 0.49497870550502127)
('ANLN', 'RRM2', 0.41963299858036696)
('ANLN', 'SFRP1', 0.22700983227299015)
('ANLN', 'SLC39A6', -0.2005363057994637)
('ANLN', 'TYMS', 0.5384878279615122)
('ANLN', 'UBE2C', 0.5986907829013092)
('ANLN', 'UBE2T', 0.5477417319522583)
('BAG1', 'ACTR3B', -0.297491981702508)
('BAG1', 'ANLN', -0.3814080656185919)
('BAG1', 'BAG1', 0.745806824754193)
('BAG1', 'BCL2', 0.3310636731689363)
('BAG1', 'BIRC5', -0.4138755980861244)
('BAG1', 'BLVRA', 0.22198853777801145)
('BAG1', 'CCNB1', -0.27088700772911295)
('BAG1', 'CCNE1', -0.46224827803775165)
('BAG1', 'CDC20', -0.43916609706083387)
('BAG1', 'CDH3', -0.2711236132288764)
('BAG1', 'CENPF', -0.31805037068194963)
('BAG1', 'CEP55', -0.4271255060728745)
('BAG1', 'CXXC5', 0.28011462221988537)
('BAG1', 'EGFR', -0.180345969819654)
('BAG1', 'ERBB2', 0.10087281139912718)
('BAG1', 'ESR1', 0.303485987696514)
('BAG1', 'EXO1', -0.479651927020348)
('BAG1', 'FGFR4', -0.33358746516641247)
('BAG1', 'FOXA1', 0.3460486881539513)
('BAG1', 'FOXC1', -0.10563121089436878)
('BAG1', 'GRB7', -0.08099794941900205)
('BAG1', 'KIF2C', -0.4585940375414059)
('BAG1', 'KRT14', 0.039863294600136705)
('BAG1', 'KRT17', -0.11830274988169724)
('BAG1', 'KRT5', -0.08167852062588904)
('BAG1', 'MAPT', 0.3343235711656764)
('BAG1', 'MELK', -0.3436826331563173)
('BAG1', 'MKI67', -0.33863504916136494)
('BAG1', 'MLPH', 0.4081181975918818)
('BAG1', 'MMP11', -0.031705136968294856)
('BAG1', 'MYC', -0.13063252536936745)
('BAG1', 'NAT1', 0.31697250118302744)
('BAG1', 'NDC80', -0.34318313265681677)
('BAG1', 'NUF2', -0.38406330511593667)
('BAG1', 'PGR', 0.3877175456122825)
('BAG1', 'PHGDH', -0.38493085861506904)
('BAG1', 'RRM2', -0.37983069562016925)
('BAG1', 'SFRP1', -0.05557600294442399)
('BAG1', 'SLC39A6', 0.3636363636363636)
('BAG1', 'TYMS', -0.3806982491193017)
('BAG1', 'UBE2C', -0.3725747936274252)
('BAG1', 'UBE2T', -0.3988642936011356)
('BCL2', 'ACTR3B', -0.0005260081823495033)
('BCL2', 'ANLN', -0.44061952074810057)
('BCL2', 'BAG1', 0.3494447691408534)
('BCL2', 'BCL2', 0.7018118059614261)
('BCL2', 'BIRC5', -0.2495616598480421)
('BCL2', 'BLVRA', 0.23553477498538866)
('BCL2', 'CCNB1', -0.20496785505552312)
('BCL2', 'CCNE1', -0.373115137346581)
('BCL2', 'CDC20', -0.3317942723553478)
('BCL2', 'CDH3', -0.3577440093512566)
('BCL2', 'CENPF', -0.3188778492109878)
('BCL2', 'CEP55', -0.38462887200467566)
('BCL2', 'CXXC5', 0.22320280537697254)
('BCL2', 'EGFR', -0.35452951490356527)
('BCL2', 'ERBB2', -0.11712448860315607)
('BCL2', 'ESR1', 0.4620689655172414)
('BCL2', 'EXO1', -0.37668030391583873)
('BCL2', 'FGFR4', -0.08176504967855056)
('BCL2', 'FOXA1', 0.3045587375803624)
('BCL2', 'FOXC1', -0.23500876680303923)
('BCL2', 'GRB7', -0.23424897720631213)
('BCL2', 'KIF2C', -0.3834015195791935)
('BCL2', 'KRT14', -0.13383985973115137)
('BCL2', 'KRT17', -0.30263004091174756)
('BCL2', 'KRT5', -0.2803344568317345)
('BCL2', 'MAPT', 0.2621274108708358)
('BCL2', 'MELK', -0.3621858562244302)
('BCL2', 'MKI67', -0.32489772063120986)
('BCL2', 'MLPH', 0.3149035651665693)
('BCL2', 'MMP11', -0.20566919929865576)
('BCL2', 'MYC', -0.05838690824079487)
('BCL2', 'NAT1', 0.252834599649328)
('BCL2', 'NDC80', -0.337521917007598)
('BCL2', 'NUF2', -0.1702513150204559)
('BCL2', 'PGR', 0.28632378725891294)
('BCL2', 'PHGDH', -0.39076563413208654)
('BCL2', 'RRM2', -0.31502045587375804)
('BCL2', 'SFRP1', -0.18918760958503802)
('BCL2', 'SLC39A6', 0.32776154295733495)
('BCL2', 'TYMS', -0.1391583869082408)
('BCL2', 'UBE2C', -0.3049678550555231)
('BCL2', 'UBE2T', -0.24506136762127415)
('BIRC5', 'ACTR3B', 0.253053310165949)
('BIRC5', 'ANLN', 0.5689355594167863)
('BIRC5', 'BAG1', -0.1836015209891466)
('BIRC5', 'BCL2', -0.27168794540555513)
('BIRC5', 'BIRC5', 0.5844476341567828)
('BIRC5', 'BLVRA', -0.27460905038906097)
('BIRC5', 'CCNB1', 0.6515826848983909)
('BIRC5', 'CCNE1', 0.5009443227317368)
('BIRC5', 'CDC20', 0.6277605701191106)
('BIRC5', 'CDH3', 0.255772959633351)
('BIRC5', 'CENPF', 0.6832615648057213)
('BIRC5', 'CEP55', 0.6464959331167687)
('BIRC5', 'CXXC5', -0.17690312507869357)
('BIRC5', 'EGFR', 0.2022865201077787)
('BIRC5', 'ERBB2', -0.06821787414066631)
('BIRC5', 'ESR1', -0.29072549167736894)
('BIRC5', 'EXO1', 0.6165294250963209)
('BIRC5', 'FGFR4', 0.0989398403465035)
('BIRC5', 'FOXA1', -0.33157059756742463)
('BIRC5', 'FOXC1', 0.1710609151116819)
('BIRC5', 'GRB7', 0.06615295510060185)
('BIRC5', 'KIF2C', 0.6549067009141044)
('BIRC5', 'KRT14', -0.0664727657324167)
('BIRC5', 'KRT17', 0.10312004230565838)
('BIRC5', 'KRT5', 0.08891358710752989)
('BIRC5', 'MAPT', -0.24016015713530256)
('BIRC5', 'MELK', 0.5210395104630958)
('BIRC5', 'MKI67', 0.5932613129863262)
('BIRC5', 'MLPH', -0.42831960917629874)
('BIRC5', 'MMP11', -0.005716300269446754)
('BIRC5', 'MYC', 0.25647805393971446)
('BIRC5', 'NAT1', -0.19573921583440357)
('BIRC5', 'NDC80', 0.5120747399964746)
('BIRC5', 'NUF2', 0.3505074160811866)
('BIRC5', 'PGR', -0.22872755659640906)
('BIRC5', 'PHGDH', 0.26619828259172523)
('BIRC5', 'RRM2', 0.476417113646093)
('BIRC5', 'SFRP1', 0.09214071667799853)
('BIRC5', 'SLC39A6', -0.2609100752939992)
('BIRC5', 'TYMS', 0.480496587847196)
('BIRC5', 'UBE2C', 0.5742237667145124)
('BIRC5', 'UBE2T', 0.5619853441112035)
('BLVRA', 'ACTR3B', -0.5162994899837005)
('BLVRA', 'ANLN', -0.3065092801934907)
('BLVRA', 'BAG1', 0.1543193648456806)
('BLVRA', 'BCL2', 0.35630159314369836)
('BLVRA', 'BIRC5', -0.36216415163783583)
('BLVRA', 'BLVRA', 0.8336926231663072)
('BLVRA', 'CCNB1', -0.08825385141174615)
('BLVRA', 'CCNE1', -0.5405384089594616)
('BLVRA', 'CDC20', -0.42310321257689676)
('BLVRA', 'CDH3', -0.422892896577107)
('BLVRA', 'CENPF', -0.3262526946737473)
('BLVRA', 'CEP55', -0.4232346600767653)
('BLVRA', 'CXXC5', 0.6488511488511488)
('BLVRA', 'EGFR', -0.45078605604921385)
('BLVRA', 'ERBB2', 0.23195225826804775)
('BLVRA', 'ESR1', 0.5113044849886955)
('BLVRA', 'EXO1', -0.3646616541353383)
('BLVRA', 'FGFR4', -0.1793995478206004)
('BLVRA', 'FOXA1', 0.5955623324044376)
('BLVRA', 'FOXC1', -0.47042431252957567)
('BLVRA', 'GRB7', -0.038172353961827644)
('BLVRA', 'KIF2C', -0.3916872601083127)
('BLVRA', 'KRT14', -0.18045112781954886)
('BLVRA', 'KRT17', -0.28358483621641517)
('BLVRA', 'KRT5', -0.14176386913229017)
('BLVRA', 'MAPT', 0.42249855407750136)
('BLVRA', 'MELK', -0.39160839160839156)
('BLVRA', 'MKI67', -0.29249697670750296)
('BLVRA', 'MLPH', 0.6076555023923444)
('BLVRA', 'MMP11', 0.21486408328513593)
('BLVRA', 'MYC', -0.3509122456490877)
('BLVRA', 'NAT1', 0.5307324254692675)
('BLVRA', 'NDC80', -0.40357011409642984)
('BLVRA', 'NUF2', -0.47520900152479095)
('BLVRA', 'PGR', 0.437246963562753)
('BLVRA', 'PHGDH', -0.46109154003890845)
('BLVRA', 'RRM2', -0.04256270045743729)
('BLVRA', 'SFRP1', -0.39723434460276563)
('BLVRA', 'SLC39A6', 0.5482412324517587)
('BLVRA', 'TYMS', -0.23931331826068664)
('BLVRA', 'UBE2C', -0.3046164361953835)
('BLVRA', 'UBE2T', -0.24712129975287866)
('CCNB1', 'ACTR3B', 0.16472166331321259)
('CCNB1', 'ANLN', 0.6217303822937625)
('CCNB1', 'BAG1', -0.23863179074446678)
('CCNB1', 'BCL2', -0.25821596244131456)
('CCNB1', 'BIRC5', 0.6050301810865191)
('CCNB1', 'BLVRA', -0.03340040241448691)
('CCNB1', 'CCNB1', 0.7318578135479543)
('CCNB1', 'CCNE1', 0.5073775989268947)
('CCNB1', 'CDC20', 0.6064050972501676)
('CCNB1', 'CDH3', 0.38386988598256194)
('CCNB1', 'CENPF', 0.6956405097250168)
('CCNB1', 'CEP55', 0.630281690140845)
('CCNB1', 'CXXC5', -0.11465459423205901)
('CCNB1', 'EGFR', 0.20979208584842385)
('CCNB1', 'ERBB2', -0.09909456740442656)
('CCNB1', 'ESR1', -0.21277665995975853)
('CCNB1', 'EXO1', 0.665124077800134)
('CCNB1', 'FGFR4', 0.07451374916163647)
('CCNB1', 'FOXA1', -0.24725016767270286)
('CCNB1', 'FOXC1', 0.16193829644533866)
('CCNB1', 'GRB7', 0.006438631790744466)
('CCNB1', 'KIF2C', 0.6796780684104627)
('CCNB1', 'KRT14', 0.13011984953197445)
('CCNB1', 'KRT17', 0.27129443326626423)
('CCNB1', 'KRT5', 0.27884545122396787)
('CCNB1', 'MAPT', -0.24906103286384973)
('CCNB1', 'MELK', 0.5776659959758551)
('CCNB1', 'MKI67', 0.5363849765258215)
('CCNB1', 'MLPH', -0.2706572769953051)
('CCNB1', 'MMP11', -0.0880617035546613)
('CCNB1', 'MYC', 0.2683769282360831)
('CCNB1', 'NAT1', -0.13363514419852446)
('CCNB1', 'NDC80', 0.6586854460093896)
('CCNB1', 'NUF2', 0.5362173038229375)
('CCNB1', 'PGR', -0.17810194500335344)
('CCNB1', 'PHGDH', 0.459926224010731)
('CCNB1', 'RRM2', 0.5641180415828302)
('CCNB1', 'SFRP1', 0.09567404426559355)
('CCNB1', 'SLC39A6', -0.06804158283031522)
('CCNB1', 'TYMS', 0.48517773306505696)
('CCNB1', 'UBE2C', 0.62719651240778)
('CCNB1', 'UBE2T', 0.6999329309188463)
('CCNE1', 'ACTR3B', 0.12366310160427807)
('CCNE1', 'ANLN', 0.08188502673796792)
('CCNE1', 'BAG1', 0.014705882352941178)
('CCNE1', 'BCL2', -0.1808155080213904)
('CCNE1', 'BIRC5', 0.22627005347593582)
('CCNE1', 'BLVRA', 0.030080213903743314)
('CCNE1', 'CCNB1', 0.13703208556149735)
('CCNE1', 'CCNE1', 0.4428475935828877)
('CCNE1', 'CDC20', 0.25969251336898397)
('CCNE1', 'CDH3', 0.376336898395722)
('CCNE1', 'CENPF', 0.0982620320855615)
('CCNE1', 'CEP55', 0.26169786096256686)
('CCNE1', 'CXXC5', -0.17546791443850268)
('CCNE1', 'EGFR', 0.28375668449197866)
('CCNE1', 'ERBB2', -0.19017379679144386)
('CCNE1', 'ESR1', -0.3011363636363637)
('CCNE1', 'EXO1', 0.12934491978609627)
('CCNE1', 'FGFR4', 0.2573529411764706)
('CCNE1', 'FOXA1', -0.40274064171123)
('CCNE1', 'FOXC1', 0.33990641711229946)
('CCNE1', 'GRB7', -0.20454545454545456)
('CCNE1', 'KIF2C', 0.2259358288770054)
('CCNE1', 'KRT14', 0.41243315508021394)
('CCNE1', 'KRT17', 0.26403743315508027)
('CCNE1', 'KRT5', 0.27217741935483875)
('CCNE1', 'MAPT', -0.17814171122994654)
('CCNE1', 'MELK', -0.007352941176470589)
('CCNE1', 'MKI67', 0.3465909090909091)
('CCNE1', 'MLPH', -0.23796791443850265)
('CCNE1', 'MMP11', -0.05949197860962566)
('CCNE1', 'MYC', 0.17613636363636365)
('CCNE1', 'NAT1', -0.1410427807486631)
('CCNE1', 'NDC80', 0.16310160427807488)
('CCNE1', 'NUF2', -0.006684491978609626)
('CCNE1', 'PGR', -0.4375)
('CCNE1', 'PHGDH', 0.26704545454545453)
('CCNE1', 'RRM2', 0.27038770053475936)
('CCNE1', 'SFRP1', 0.20955882352941177)
('CCNE1', 'SLC39A6', -0.09993315508021391)
('CCNE1', 'TYMS', 0.13335561497326204)
('CCNE1', 'UBE2C', 0.21891711229946526)
('CCNE1', 'UBE2T', 0.11530748663101605)
('CDC20', 'ACTR3B', 0.263388937664618)
('CDC20', 'ANLN', 0.41653624460816124)
('CDC20', 'BAG1', -0.24346299194564258)
('CDC20', 'BCL2', -0.2655265870137802)
('CDC20', 'BIRC5', 0.5013932893079359)
('CDC20', 'BLVRA', -0.24250868420048094)
('CDC20', 'CCNB1', 0.39031186777111876)
('CDC20', 'CCNE1', 0.4926518303622551)
('CDC20', 'CDC20', 0.6028552887735236)
('CDC20', 'CDH3', 0.3609573615299462)
('CDC20', 'CENPF', 0.5555979692331182)
('CDC20', 'CEP55', 0.4934534488681909)
('CDC20', 'CXXC5', -0.3979463297324121)
('CDC20', 'EGFR', 0.24262320112990035)
('CDC20', 'ERBB2', -0.27071802114745963)
('CDC20', 'ESR1', -0.30598923540863454)
('CDC20', 'EXO1', 0.5834637553918387)
('CDC20', 'FGFR4', 0.12856433942817877)
('CDC20', 'FOXA1', -0.43688208573500775)
('CDC20', 'FOXC1', 0.29671336412566324)
('CDC20', 'GRB7', -0.09191892201397106)
('CDC20', 'KIF2C', 0.5737679887009962)
('CDC20', 'KRT14', 0.10934631654561419)
('CDC20', 'KRT17', 0.19620567240523723)
('CDC20', 'KRT5', 0.232740043100008)
('CDC20', 'MAPT', -0.35168149024697476)
('CDC20', 'MELK', 0.45615910218727335)
('CDC20', 'MKI67', 0.4199335801809367)
('CDC20', 'MLPH', -0.3921823109516357)
('CDC20', 'MMP11', -0.17334045883116386)
('CDC20', 'MYC', 0.2856433942817879)
('CDC20', 'NAT1', -0.2886590067564988)
('CDC20', 'NDC80', 0.5471618887658891)
('CDC20', 'NUF2', 0.33519105241058134)
('CDC20', 'PGR', -0.2423178226514486)
('CDC20', 'PHGDH', 0.3603084322632362)
('CDC20', 'RRM2', 0.274764285986945)
('CDC20', 'SFRP1', 0.24002748406306065)
('CDC20', 'SLC39A6', -0.27942130778333396)
('CDC20', 'TYMS', 0.4811619651105088)
('CDC20', 'UBE2C', 0.4915066610680612)
('CDC20', 'UBE2T', 0.4644806657250829)
('CDH3', 'ACTR3B', 0.23326175490559045)
('CDH3', 'ANLN', 0.165938541281007)
('CDH3', 'BAG1', -0.14025916327286186)
('CDH3', 'BCL2', -0.22733802295446126)
('CDH3', 'BIRC5', 0.25621621621621615)
('CDH3', 'BLVRA', -0.3121362458348759)
('CDH3', 'CCNB1', -0.012039985190670122)
('CDH3', 'CCNE1', 0.3395631247686042)
('CDH3', 'CDC20', 0.25710477600888554)
('CDH3', 'CDH3', 0.2553276564235468)
('CDH3', 'CENPF', 0.020422065901517954)
('CDH3', 'CEP55', 0.1646057015920029)
('CDH3', 'CXXC5', -0.467693446871529)
('CDH3', 'EGFR', 0.12636801184746385)
('CDH3', 'ERBB2', -0.2154609403924472)
('CDH3', 'ESR1', -0.3975564605701591)
('CDH3', 'EXO1', 0.2129433543132173)
('CDH3', 'FGFR4', 0.12405775638652347)
('CDH3', 'FOXA1', -0.3537504627915586)
('CDH3', 'FOXC1', 0.3601184746390225)
('CDH3', 'GRB7', -0.01360977415771936)
('CDH3', 'KIF2C', 0.17452795261014434)
('CDH3', 'KRT14', 0.12939651980747874)
('CDH3', 'KRT17', 0.19221029248426505)
('CDH3', 'KRT5', 0.1522605955366905)
('CDH3', 'MAPT', -0.4284487226952979)
('CDH3', 'MELK', 0.16430951499444646)
('CDH3', 'MKI67', 0.012898926323583856)
('CDH3', 'MLPH', -0.328278415401703)
('CDH3', 'MMP11', -0.12358385783043314)
('CDH3', 'MYC', 0.09047019622362086)
('CDH3', 'NAT1', -0.40993706034801913)
('CDH3', 'NDC80', 0.2121732691595705)
('CDH3', 'NUF2', 0.17417252869307662)
('CDH3', 'PGR', -0.35144020733061826)
('CDH3', 'PHGDH', 0.2804738985560903)
('CDH3', 'RRM2', -0.017460199925953348)
('CDH3', 'SFRP1', 0.24282858200666413)
('CDH3', 'SLC39A6', -0.3922843391336541)
('CDH3', 'TYMS', 0.09751943724546464)
('CDH3', 'UBE2C', 0.14757497223250646)
('CDH3', 'UBE2T', 0.08108108108108107)
('CENPF', 'ACTR3B', 0.2709395867290604)
('CENPF', 'ANLN', 0.6131762973868237)
('CENPF', 'BAG1', -0.14748409485251587)
('CENPF', 'BCL2', -0.22396025027603975)
('CENPF', 'BIRC5', 0.5714811504285187)
('CENPF', 'BLVRA', -0.17245911982754086)
('CENPF', 'CCNB1', 0.5594405594405594)
('CENPF', 'CCNE1', 0.5176928334823071)
('CENPF', 'CDC20', 0.6139649823860349)
('CENPF', 'CDH3', 0.40948525159051474)
('CENPF', 'CENPF', 0.7150218202849782)
('CENPF', 'CEP55', 0.605604921394395)
('CENPF', 'CXXC5', -0.1930437983069562)
('CENPF', 'EGFR', 0.1835795783164204)
('CENPF', 'ERBB2', -0.11556864188443135)
('CENPF', 'ESR1', -0.16420421683579575)
('CENPF', 'EXO1', 0.6325516588674482)
('CENPF', 'FGFR4', 0.015300488984699509)
('CENPF', 'FOXA1', -0.3116094431883905)
('CENPF', 'FOXC1', 0.18286976181713022)
('CENPF', 'GRB7', 0.022898154477101845)
('CENPF', 'KIF2C', 0.6984594353015405)
('CENPF', 'KRT14', 0.06075187969924812)
('CENPF', 'KRT17', 0.1910983753089016)
('CENPF', 'KRT5', 0.2022475106685633)
('CENPF', 'MAPT', -0.17498291182501705)
('CENPF', 'MELK', 0.5364898259635101)
('CENPF', 'MKI67', 0.48990483201009516)
('CENPF', 'MLPH', -0.30603606919396387)
('CENPF', 'MMP11', -0.12356064987643933)
('CENPF', 'MYC', 0.28537252221462744)
('CENPF', 'NAT1', -0.14241022135758977)
('CENPF', 'NDC80', 0.6204584888795415)
('CENPF', 'NUF2', 0.5149061464850938)
('CENPF', 'PGR', -0.15416162784583834)
('CENPF', 'PHGDH', 0.40194016509805974)
('CENPF', 'RRM2', 0.366685945633314)
('CENPF', 'SFRP1', 0.14304116935695882)
('CENPF', 'SLC39A6', -0.08247016141752984)
('CENPF', 'TYMS', 0.5568641884431358)
('CENPF', 'UBE2C', 0.6042115778957883)
('CENPF', 'UBE2T', 0.6273989168726011)
('CEP55', 'ACTR3B', 0.1400284495021337)
('CEP55', 'ANLN', 0.4636699857752489)
('CEP55', 'BAG1', -0.012916073968705546)
('CEP55', 'BCL2', -0.1451778093883357)
('CEP55', 'BIRC5', 0.44870554765291604)
('CEP55', 'BLVRA', -0.03877667140825035)
('CEP55', 'CCNB1', 0.36480796586059744)
('CEP55', 'CCNE1', 0.38059743954480796)
('CEP55', 'CDC20', 0.5308392603129445)
('CEP55', 'CDH3', 0.22458036984352775)
('CEP55', 'CENPF', 0.3948221906116643)
('CEP55', 'CEP55', 0.5542247510668563)
('CEP55', 'CXXC5', -0.2630440967283072)
('CEP55', 'EGFR', 0.06054054054054054)
('CEP55', 'ERBB2', -0.2307539118065434)
('CEP55', 'ESR1', -0.19223328591749647)
('CEP55', 'EXO1', 0.39388335704125177)
('CEP55', 'FGFR4', 0.09829302987197723)
('CEP55', 'FOXA1', -0.3467994310099573)
('CEP55', 'FOXC1', 0.14460881934566144)
('CEP55', 'GRB7', -0.16557610241820767)
('CEP55', 'KIF2C', 0.575448079658606)
('CEP55', 'KRT14', 0.0894631617919289)
('CEP55', 'KRT17', 0.17957325746799432)
('CEP55', 'KRT5', 0.16496112550907066)
('CEP55', 'MAPT', -0.2340256045519203)
('CEP55', 'MELK', 0.3812233285917497)
('CEP55', 'MKI67', 0.4016216216216216)
('CEP55', 'MLPH', -0.26600284495021337)
('CEP55', 'MMP11', -0.18475106685632997)
('CEP55', 'MYC', 0.19487908961593173)
('CEP55', 'NAT1', -0.047738264580369845)
('CEP55', 'NDC80', 0.6184352773826458)
('CEP55', 'NUF2', 0.35564722617354194)
('CEP55', 'PGR', -0.19849217638691322)
('CEP55', 'PHGDH', 0.3471692745376956)
('CEP55', 'RRM2', 0.3514082503556188)
('CEP55', 'SFRP1', 0.06893314366998576)
('CEP55', 'SLC39A6', -0.09903271692745376)
('CEP55', 'TYMS', 0.5975817923186343)
('CEP55', 'UBE2C', 0.567624466571835)
('CEP55', 'UBE2T', 0.48142247510668557)
('CXXC5', 'ACTR3B', -0.3720321931589537)
('CXXC5', 'ANLN', -0.4593561368209255)
('CXXC5', 'BAG1', 0.28293091884641175)
('CXXC5', 'BCL2', 0.5088195841716967)
('CXXC5', 'BIRC5', -0.30580147551978537)
('CXXC5', 'BLVRA', 0.4672702883970489)
('CXXC5', 'CCNB1', -0.24456740442655933)
('CXXC5', 'CCNE1', -0.48558014755197854)
('CXXC5', 'CDC20', -0.37910798122065725)
('CXXC5', 'CDH3', -0.23252850435949024)
('CXXC5', 'CENPF', -0.4306505700871897)
('CXXC5', 'CEP55', -0.41173708920187796)
('CXXC5', 'CXXC5', 0.5603286384976526)
('CXXC5', 'EGFR', -0.3980549966465459)
('CXXC5', 'ERBB2', -0.11458752515090542)
('CXXC5', 'ESR1', 0.5126760563380282)
('CXXC5', 'EXO1', -0.43698859825620384)
('CXXC5', 'FGFR4', -0.2090207914151576)
('CXXC5', 'FOXA1', 0.28762575452716294)
('CXXC5', 'FOXC1', -0.2839369550637156)
('CXXC5', 'GRB7', -0.3589201877934272)
('CXXC5', 'KIF2C', -0.33169014084507037)
('CXXC5', 'KRT14', -0.09796168314233225)
('CXXC5', 'KRT17', -0.23088531187122732)
('CXXC5', 'KRT5', -0.13200944799230163)
('CXXC5', 'MAPT', 0.33853118712273644)
('CXXC5', 'MELK', -0.3905097250167673)
('CXXC5', 'MKI67', -0.3186452045606975)
('CXXC5', 'MLPH', 0.49077800134138155)
('CXXC5', 'MMP11', -0.02260228034875922)
('CXXC5', 'MYC', -0.18715627095908785)
('CXXC5', 'NAT1', 0.3836351441985244)
('CXXC5', 'NDC80', -0.29617706237424546)
('CXXC5', 'NUF2', -0.3393024815560027)
('CXXC5', 'PGR', 0.32189805499664653)
('CXXC5', 'PHGDH', -0.5090878604963112)
('CXXC5', 'RRM2', -0.3433936955063715)
('CXXC5', 'SFRP1', -0.2630114017437961)
('CXXC5', 'SLC39A6', 0.44902749832327293)
('CXXC5', 'TYMS', -0.14859154929577464)
('CXXC5', 'UBE2C', -0.23437290409121392)
('CXXC5', 'UBE2T', -0.42545271629778664)
('EGFR', 'ACTR3B', 0.33500709816499286)
('EGFR', 'ANLN', 0.3598506756401493)
('EGFR', 'BAG1', -0.10728744939271255)
('EGFR', 'BCL2', -0.3212576896787423)
('EGFR', 'BIRC5', 0.23957621326042378)
('EGFR', 'BLVRA', -0.380487933119512)
('EGFR', 'CCNB1', 0.09503654240496345)
('EGFR', 'CCNE1', 0.38782270361217724)
('EGFR', 'CDC20', 0.324911930175088)
('EGFR', 'CDH3', 0.4409012040590988)
('EGFR', 'CENPF', 0.2236184867763815)
('EGFR', 'CEP55', 0.344891950155108)
('EGFR', 'CXXC5', -0.5234502339765497)
('EGFR', 'EGFR', 0.5900678269099322)
('EGFR', 'ERBB2', -0.04981860245018139)
('EGFR', 'ESR1', -0.532414953467585)
('EGFR', 'EXO1', 0.30230296019769703)
('EGFR', 'FGFR4', -0.04632209895367789)
('EGFR', 'FOXA1', -0.369682948630317)
('EGFR', 'FOXC1', 0.4957936800042063)
('EGFR', 'GRB7', 0.2462274567537725)
('EGFR', 'KIF2C', 0.27932593722067406)
('EGFR', 'KRT14', 0.23592617908407382)
('EGFR', 'KRT17', 0.36358378463641616)
('EGFR', 'KRT5', 0.27339971550497866)
('EGFR', 'MAPT', -0.3978390031021609)
('EGFR', 'MELK', 0.3120037856879962)
('EGFR', 'MKI67', 0.23395026026604973)
('EGFR', 'MLPH', -0.40383300909616693)
('EGFR', 'MMP11', -0.05852042694147957)
('EGFR', 'MYC', 0.10981124139018875)
('EGFR', 'NAT1', -0.3243598506756401)
('EGFR', 'NDC80', 0.3537252221462748)
('EGFR', 'NUF2', 0.19104579630895419)
('EGFR', 'PGR', -0.3739681371260318)
('EGFR', 'PHGDH', 0.48932646301067345)
('EGFR', 'RRM2', 0.16867343183132655)
('EGFR', 'SFRP1', 0.4603028550396971)
('EGFR', 'SLC39A6', -0.31844471318155526)
('EGFR', 'TYMS', 0.1941216678058783)
('EGFR', 'UBE2C', 0.15970871234029127)
('EGFR', 'UBE2T', 0.2068720752931279)
('ERBB2', 'ACTR3B', -0.2671538987328461)
('ERBB2', 'ANLN', 0.12185183237814816)
('ERBB2', 'BAG1', -0.02734107997265892)
('ERBB2', 'BCL2', -0.17929438982070559)
('ERBB2', 'BIRC5', -0.14256795835743205)
('ERBB2', 'BLVRA', 0.10628844839371154)
('ERBB2', 'CCNB1', -0.024212629475787367)
('ERBB2', 'CCNE1', -0.12476996687523002)
('ERBB2', 'CDC20', -0.05883590094116409)
('ERBB2', 'CDH3', -0.10594668489405329)
('ERBB2', 'CENPF', -0.09085651190914348)
('ERBB2', 'CEP55', -0.04595404595404595)
('ERBB2', 'CXXC5', -0.060544718439455275)
('ERBB2', 'EGFR', -0.07442557442557442)
('ERBB2', 'ERBB2', 0.564461853935538)
('ERBB2', 'ESR1', -0.10184552289815448)
('ERBB2', 'EXO1', -0.09409012040590987)
('ERBB2', 'FGFR4', 0.2199116672800883)
('ERBB2', 'FOXA1', 0.22469635627530363)
('ERBB2', 'FOXC1', -0.17219622482780375)
('ERBB2', 'GRB7', 0.5268415794731584)
('ERBB2', 'KIF2C', -0.10024186339975812)
('ERBB2', 'KRT14', -0.20754613807245384)
('ERBB2', 'KRT17', -0.1417266943582733)
('ERBB2', 'KRT5', -0.14238975817923188)
('ERBB2', 'MAPT', -0.022608969977391032)
('ERBB2', 'MELK', -0.058310110941689884)
('ERBB2', 'MKI67', -0.044586991955413005)
('ERBB2', 'MLPH', 0.09787580840212419)
('ERBB2', 'MMP11', 0.10213470739786527)
('ERBB2', 'MYC', -0.31087333718912663)
('ERBB2', 'NAT1', 0.06083390293916609)
('ERBB2', 'NDC80', 0.028156054471843942)
('ERBB2', 'NUF2', -0.14380356485619644)
('ERBB2', 'PGR', -0.14787843735212156)
('ERBB2', 'PHGDH', 0.04637467795362532)
('ERBB2', 'RRM2', 0.12208843787791154)
('ERBB2', 'SFRP1', -0.19751301330248694)
('ERBB2', 'SLC39A6', -0.09143488090856511)
('ERBB2', 'TYMS', -0.21105210578894787)
('ERBB2', 'UBE2C', -0.08812240391187758)
('ERBB2', 'UBE2T', -0.03073242546926757)
('ESR1', 'ACTR3B', -0.2556916767443083)
('ESR1', 'ANLN', -0.46498238603501757)
('ESR1', 'BAG1', 0.16872601083127398)
('ESR1', 'BCL2', 0.5616225879383774)
('ESR1', 'BIRC5', -0.3165781586834218)
('ESR1', 'BLVRA', 0.421893895578106)
('ESR1', 'CCNB1', -0.1803196803196803)
('ESR1', 'CCNE1', -0.5582312424417687)
('ESR1', 'CDC20', -0.44842000105158)
('ESR1', 'CDH3', -0.43138440506861553)
('ESR1', 'CENPF', -0.3801461696198538)
('ESR1', 'CEP55', -0.48157106051842885)
('ESR1', 'CXXC5', 0.5544455544455544)
('ESR1', 'EGFR', -0.5925653294074347)
('ESR1', 'ERBB2', -0.0020768704979231296)
('ESR1', 'ESR1', 0.8004101161995899)
('ESR1', 'EXO1', -0.3941584731058415)
('ESR1', 'FGFR4', -0.3382932856617067)
('ESR1', 'FOXA1', 0.5271570534728428)
('ESR1', 'FOXC1', -0.547846889952153)
('ESR1', 'GRB7', -0.2603974972396025)
('ESR1', 'KIF2C', -0.3679478416320521)
('ESR1', 'KRT14', -0.2790430622009569)
('ESR1', 'KRT17', -0.37388926862611066)
('ESR1', 'KRT5', -0.2480796586059744)
('ESR1', 'MAPT', 0.5863084284136915)
('ESR1', 'MELK', -0.4928755455071244)
('ESR1', 'MKI67', -0.35680109364319884)
('ESR1', 'MLPH', 0.611598927388401)
('ESR1', 'MMP11', -0.053972343446027644)
('ESR1', 'MYC', -0.13086913086913088)
('ESR1', 'NAT1', 0.47247489352752503)
('ESR1', 'NDC80', -0.32320311267679686)
('ESR1', 'NUF2', -0.254534938745465)
('ESR1', 'PGR', 0.5608601924391399)
('ESR1', 'PHGDH', -0.37941006362058993)
('ESR1', 'RRM2', -0.31923339818076657)
('ESR1', 'SFRP1', -0.47187023502812975)
('ESR1', 'SLC39A6', 0.5513433934486565)
('ESR1', 'TYMS', -0.21270834428729163)
('ESR1', 'UBE2C', -0.3551185656448814)
('ESR1', 'UBE2T', -0.26223776223776224)
('EXO1', 'ACTR3B', -0.16)
('EXO1', 'ANLN', -0.09913043478260869)
('EXO1', 'BAG1', 0.07217391304347825)
('EXO1', 'BCL2', -0.14608695652173911)
('EXO1', 'BIRC5', -0.2208695652173913)
('EXO1', 'BLVRA', 0.07739130434782608)
('EXO1', 'CCNB1', -0.34695652173913033)
('EXO1', 'CCNE1', -0.13043478260869562)
('EXO1', 'CDC20', -0.24695652173913044)
('EXO1', 'CDH3', 0.041739130434782605)
('EXO1', 'CENPF', -0.2965217391304348)
('EXO1', 'CEP55', -0.2052173913043478)
('EXO1', 'CXXC5', 0.002608695652173913)
('EXO1', 'EGFR', 0.06869565217391303)
('EXO1', 'ERBB2', -0.19391304347826085)
('EXO1', 'ESR1', 0.047826086956521734)
('EXO1', 'EXO1', -0.2417391304347826)
('EXO1', 'FGFR4', -0.3782608695652173)
('EXO1', 'FOXA1', -0.15565217391304348)
('EXO1', 'FOXC1', 0.007826086956521738)
('EXO1', 'GRB7', -0.17130434782608694)
('EXO1', 'KIF2C', -0.1843478260869565)
('EXO1', 'KRT14', -0.1324110671936759)
('EXO1', 'KRT17', 0.023478260869565212)
('EXO1', 'KRT5', 0.012845849802371542)
('EXO1', 'MAPT', -0.010434782608695651)
('EXO1', 'MELK', -0.1878260869565217)
('EXO1', 'MKI67', -0.39739130434782605)
('EXO1', 'MLPH', -0.034782608695652174)
('EXO1', 'MMP11', -0.21652173913043476)
('EXO1', 'MYC', -0.2208695652173913)
('EXO1', 'NAT1', -0.08956521739130434)
('EXO1', 'NDC80', -0.09652173913043478)
('EXO1', 'NUF2', 0.14608695652173911)
('EXO1', 'PGR', -0.014782608695652172)
('EXO1', 'PHGDH', -0.1217391304347826)
('EXO1', 'RRM2', -0.23217391304347823)
('EXO1', 'SFRP1', 0.0008695652173913043)
('EXO1', 'SLC39A6', -0.16173913043478258)
('EXO1', 'TYMS', -0.23391304347826083)
('EXO1', 'UBE2C', -0.24434782608695652)
('EXO1', 'UBE2T', -0.25130434782608696)
('FGFR4', 'ACTR3B', 0.02498204166334105)
('FGFR4', 'ANLN', 0.07706121797429964)
('FGFR4', 'BAG1', -0.13991539628062896)
('FGFR4', 'BCL2', -0.338494692313832)
('FGFR4', 'BIRC5', 0.03799185888738128)
('FGFR4', 'BLVRA', -0.07239205044297231)
('FGFR4', 'CCNB1', 0.038390933035357976)
('FGFR4', 'CCNE1', 0.1994971665735494)
('FGFR4', 'CDC20', 0.08827520153244474)
('FGFR4', 'CDH3', 0.3175432995450555)
('FGFR4', 'CENPF', 0.3404102482241201)
('FGFR4', 'CEP55', 0.15547928805172004)
('FGFR4', 'CXXC5', -0.23689041423896562)
('FGFR4', 'EGFR', 0.29503551759916996)
('FGFR4', 'ERBB2', 0.05383510256205604)
('FGFR4', 'ESR1', -0.26482560459733423)
('FGFR4', 'EXO1', 0.21949078138718175)
('FGFR4', 'FGFR4', 0.2159390214701892)
('FGFR4', 'FOXA1', -0.061417511373613225)
('FGFR4', 'FOXC1', 0.1559182696144944)
('FGFR4', 'GRB7', 0.21609865112937987)
('FGFR4', 'KIF2C', 0.047968712586798634)
('FGFR4', 'KRT14', 0.04460912222106253)
('FGFR4', 'KRT17', 0.06644584563811957)
('FGFR4', 'KRT5', 0.07469405594405594)
('FGFR4', 'MAPT', -0.26231143746508107)
('FGFR4', 'MELK', 0.1963444808045335)
('FGFR4', 'MKI67', 0.21941096655758646)
('FGFR4', 'MLPH', -0.1509697501795834)
('FGFR4', 'MMP11', -0.019993614813632377)
('FGFR4', 'MYC', 0.08141112618724561)
('FGFR4', 'NAT1', -0.09765344400989706)
('FGFR4', 'NDC80', -0.010415835262191716)
('FGFR4', 'NUF2', 0.005148056508899354)
('FGFR4', 'PGR', -0.2686567164179105)
('FGFR4', 'PHGDH', 0.1503312315428207)
('FGFR4', 'RRM2', 0.02310639316785059)
('FGFR4', 'SFRP1', 0.21506105834464045)
('FGFR4', 'SLC39A6', -0.09438103599648817)
('FGFR4', 'TYMS', 0.11860483677867349)
('FGFR4', 'UBE2C', 0.09565807327001358)
('FGFR4', 'UBE2T', 0.14159150770213108)
('FOXA1', 'ACTR3B', -0.37557179662442813)
('FOXA1', 'ANLN', -0.43169987906830004)
('FOXA1', 'BAG1', 0.2856617067143382)
('FOXA1', 'BCL2', 0.4108523055891477)
('FOXA1', 'BIRC5', -0.39970555760029447)
('FOXA1', 'BLVRA', 0.367238025132762)
('FOXA1', 'CCNB1', -0.16225879383774117)
('FOXA1', 'CCNE1', -0.6325253693674746)
('FOXA1', 'CDC20', -0.47641831852358163)
('FOXA1', 'CDH3', -0.5729007834270992)
('FOXA1', 'CENPF', -0.3956306851043693)
('FOXA1', 'CEP55', -0.4488406330511593)
('FOXA1', 'CXXC5', 0.4542036910457963)
('FOXA1', 'EGFR', -0.6391503233608496)
('FOXA1', 'ERBB2', 0.23571165676428832)
('FOXA1', 'ESR1', 0.65636994584363)
('FOXA1', 'EXO1', -0.418896892581103)
('FOXA1', 'FGFR4', -0.06298964193701034)
('FOXA1', 'FOXA1', 0.6838687628161311)
('FOXA1', 'FOXC1', -0.6831589463168409)
('FOXA1', 'GRB7', -0.11188811188811187)
('FOXA1', 'KIF2C', -0.43511751406488247)
('FOXA1', 'KRT14', -0.4410936431989063)
('FOXA1', 'KRT17', -0.5545507124454492)
('FOXA1', 'KRT5', -0.4268563300142248)
('FOXA1', 'MAPT', 0.5183763604816235)
('FOXA1', 'MELK', -0.4352752510647247)
('FOXA1', 'MKI67', -0.3234134286765865)
('FOXA1', 'MLPH', 0.6091540038908458)
('FOXA1', 'MMP11', 0.05029181344970818)
('FOXA1', 'MYC', -0.3392397076607603)
('FOXA1', 'NAT1', 0.4870918555129081)
('FOXA1', 'NDC80', -0.4141647825858352)
('FOXA1', 'NUF2', -0.29817550870182447)
('FOXA1', 'PGR', 0.47754876702245114)
('FOXA1', 'PHGDH', -0.46627057153372936)
('FOXA1', 'RRM2', -0.272516956727483)
('FOXA1', 'SFRP1', -0.5930911194069087)
('FOXA1', 'SLC39A6', 0.4222356590777643)
('FOXA1', 'TYMS', -0.21922814028077184)
('FOXA1', 'UBE2C', -0.3268047741731952)
('FOXA1', 'UBE2T', -0.24854093275145905)
('FOXC1', 'ACTR3B', 0.4949119159645476)
('FOXC1', 'ANLN', 0.21741984899879638)
('FOXC1', 'BAG1', -0.11762774920669658)
('FOXC1', 'BCL2', -0.32158879527300577)
('FOXC1', 'BIRC5', 0.12309880730933362)
('FOXC1', 'BLVRA', -0.5399934347302768)
('FOXC1', 'CCNB1', 0.023744392165444796)
('FOXC1', 'CCNE1', 0.22376627639785532)
('FOXC1', 'CDC20', 0.3579166210745158)
('FOXC1', 'CDH3', 0.2559360980413612)
('FOXC1', 'CENPF', 0.11784659153080204)
('FOXC1', 'CEP55', 0.26053178684757633)
('FOXC1', 'CXXC5', -0.40321698216435053)
('FOXC1', 'EGFR', 0.44020133493817704)
('FOXC1', 'ERBB2', -0.14498303971988183)
('FOXC1', 'ESR1', -0.5347412189517452)
('FOXC1', 'EXO1', 0.037750300908195644)
('FOXC1', 'FGFR4', -0.0346865083707189)
('FOXC1', 'FOXA1', -0.4290403764087975)
('FOXC1', 'FOXC1', 0.46799431009957326)
('FOXC1', 'GRB7', 0.16708611445453553)
('FOXC1', 'KIF2C', 0.2414925046503994)
('FOXC1', 'KRT14', 0.3266221687274318)
('FOXC1', 'KRT17', 0.3647007331217857)
('FOXC1', 'KRT5', 0.16708611445453553)
('FOXC1', 'MAPT', -0.4423897581792319)
('FOXC1', 'MELK', 0.25418535944851733)
('FOXC1', 'MKI67', 0.14454535507167085)
('FOXC1', 'MLPH', -0.4366998577524893)
('FOXC1', 'MMP11', -0.2688477951635846)
('FOXC1', 'MYC', 0.014115329904803589)
('FOXC1', 'NAT1', -0.3325309114782799)
('FOXC1', 'NDC80', 0.4056242477295109)
('FOXC1', 'NUF2', 0.41109530583214793)
('FOXC1', 'PGR', -0.3246525878104825)
('FOXC1', 'PHGDH', 0.5979866506182295)
('FOXC1', 'RRM2', -0.20800962906226061)
('FOXC1', 'SFRP1', 0.3977459240617135)
('FOXC1', 'SLC39A6', -0.5235802604223656)
('FOXC1', 'TYMS', 0.13557281978334612)
('FOXC1', 'UBE2C', 0.19072108545792754)
('FOXC1', 'UBE2T', -0.03424882372250793)
('GRB7', 'ACTR3B', -0.1767968873232031)
('GRB7', 'ANLN', 0.26946737473053256)
('GRB7', 'BAG1', -0.025527104474472893)
('GRB7', 'BCL2', -0.25122246174877755)
('GRB7', 'BIRC5', -0.0435617014564383)
('GRB7', 'BLVRA', -0.02450181397549818)
('GRB7', 'CCNB1', 0.09827015090172984)
('GRB7', 'CCNE1', -0.03165255796834744)
('GRB7', 'CDC20', 0.08833271991166727)
('GRB7', 'CDH3', 0.0034439244965560755)
('GRB7', 'CENPF', 0.12495399337504598)
('GRB7', 'CEP55', 0.08948945791051052)
('GRB7', 'CXXC5', -0.18392134181607867)
('GRB7', 'EGFR', 0.0681423839318576)
('GRB7', 'ERBB2', 0.5406172774593827)
('GRB7', 'ESR1', -0.18686576581313422)
('GRB7', 'EXO1', 0.04495504495504495)
('GRB7', 'FGFR4', 0.2461748777538251)
('GRB7', 'FOXA1', 0.15531836584468162)
('GRB7', 'FOXC1', -0.01269782848730217)
('GRB7', 'GRB7', 0.6199064093800936)
('GRB7', 'KIF2C', 0.031521110468478886)
('GRB7', 'KRT14', -0.14652084757347913)
('GRB7', 'KRT17', -0.04298333245701667)
('GRB7', 'KRT5', -0.07999999999999999)
('GRB7', 'MAPT', -0.1304222093695778)
('GRB7', 'MELK', 0.07739628792260371)
('GRB7', 'MKI67', 0.038829591461170404)
('GRB7', 'MLPH', -0.016798990483201007)
('GRB7', 'MMP11', 0.10205583889794415)
('GRB7', 'MYC', -0.13447079236552922)
('GRB7', 'NAT1', -0.0252904989747095)
('GRB7', 'NDC80', 0.12135233187864766)
('GRB7', 'NUF2', -0.013433934486566065)
('GRB7', 'PGR', -0.24412429675587569)
('GRB7', 'PHGDH', 0.16110205583889792)
('GRB7', 'RRM2', 0.14716862085283136)
('GRB7', 'SFRP1', -0.06958830643041168)
('GRB7', 'SLC39A6', -0.12942320837057678)
('GRB7', 'TYMS', -0.10970608339029392)
('GRB7', 'UBE2C', 0.06627582943372416)
('GRB7', 'UBE2T', 0.13281455386718544)
('KIF2C', 'ACTR3B', 0.38235448761764546)
('KIF2C', 'ANLN', 0.5783952889216046)
('KIF2C', 'BAG1', -0.2224354592775645)
('KIF2C', 'BCL2', -0.24946106525053888)
('KIF2C', 'BIRC5', 0.6164887743835111)
('KIF2C', 'BLVRA', -0.2338451022661549)
('KIF2C', 'CCNB1', 0.5670119354329881)
('KIF2C', 'CCNE1', 0.6152794573847205)
('KIF2C', 'CDC20', 0.6888374783111625)
('KIF2C', 'CDH3', 0.31673589568326405)
('KIF2C', 'CENPF', 0.6874441348125558)
('KIF2C', 'CEP55', 0.7122351332877648)
('KIF2C', 'CXXC5', -0.35012356064987643)
('KIF2C', 'EGFR', 0.23713128976286868)
('KIF2C', 'ERBB2', -0.24677953625322044)
('KIF2C', 'ESR1', -0.279693990220306)
('KIF2C', 'EXO1', 0.7043745727956254)
('KIF2C', 'FGFR4', 0.11864451338135547)
('KIF2C', 'FOXA1', -0.4041484830958515)
('KIF2C', 'FOXC1', 0.1632840843367159)
('KIF2C', 'GRB7', -0.05005520794994479)
('KIF2C', 'KIF2C', 0.7853199432146799)
('KIF2C', 'KRT14', -0.031660970608339035)
('KIF2C', 'KRT17', 0.1364687943635312)
('KIF2C', 'KRT5', 0.1067140825035562)
('KIF2C', 'MAPT', -0.3247541931752458)
('KIF2C', 'MELK', 0.6347073978652925)
('KIF2C', 'MKI67', 0.6047899468952099)
('KIF2C', 'MLPH', -0.3960776066039224)
('KIF2C', 'MMP11', -0.23870865976129133)
('KIF2C', 'MYC', 0.328276986171723)
('KIF2C', 'NAT1', -0.23610599926389397)
('KIF2C', 'NDC80', 0.6848414743151584)
('KIF2C', 'NUF2', 0.5631473789368526)
('KIF2C', 'PGR', -0.29415321520584675)
('KIF2C', 'PHGDH', 0.49723960250276034)
('KIF2C', 'RRM2', 0.5036542404963458)
('KIF2C', 'SFRP1', 0.1960933803039066)
('KIF2C', 'SLC39A6', -0.1760870708239129)
('KIF2C', 'TYMS', 0.6423313528576686)
('KIF2C', 'UBE2C', 0.6281087333718912)
('KIF2C', 'UBE2T', 0.629580945370419)
('KRT14', 'ACTR3B', 0.15289973184710026)
('KRT14', 'ANLN', 0.27459382722540615)
('KRT14', 'BAG1', 0.1260055733739944)
('KRT14', 'BCL2', -0.182343971817656)
('KRT14', 'BIRC5', 0.18421052631578946)
('KRT14', 'BLVRA', -0.25035490824964507)
('KRT14', 'CCNB1', 0.12377096587622903)
('KRT14', 'CCNE1', 0.29115621220884375)
('KRT14', 'CDC20', 0.20300751879699247)
('KRT14', 'CDH3', 0.5170093064829906)
('KRT14', 'CENPF', 0.23350333876649665)
('KRT14', 'CEP55', 0.2967558757032441)
('KRT14', 'CXXC5', -0.23552763026447235)
('KRT14', 'EGFR', 0.4188443135811557)
('KRT14', 'ERBB2', -0.0891476944108523)
('KRT14', 'ESR1', -0.2912613702087386)
('KRT14', 'EXO1', 0.23076923076923075)
('KRT14', 'FGFR4', -0.21980650928019346)
('KRT14', 'FOXA1', -0.31087333718912663)
('KRT14', 'FOXC1', 0.524422945475577)
('KRT14', 'GRB7', 0.17511435932488562)
('KRT14', 'KIF2C', 0.23008570376991427)
('KRT14', 'KRT14', 0.6480929596719069)
('KRT14', 'KRT17', 0.7236447762763552)
('KRT14', 'KRT5', 0.6351920341394025)
('KRT14', 'MAPT', -0.14177927335822071)
('KRT14', 'MELK', 0.2548504127451496)
('KRT14', 'MKI67', 0.09703454440296545)
('KRT14', 'MLPH', -0.22109469477890528)
('KRT14', 'MMP11', -0.02500131447499868)
('KRT14', 'MYC', 0.25319417424680585)
('KRT14', 'NAT1', -0.20374362479625635)
('KRT14', 'NDC80', 0.22304011777695987)
('KRT14', 'NUF2', 0.25734791524265205)
('KRT14', 'PGR', -0.15282086334717912)
('KRT14', 'PHGDH', 0.30388033019611965)
('KRT14', 'RRM2', 0.025632262474367735)
('KRT14', 'SFRP1', 0.5265261054734738)
('KRT14', 'SLC39A6', -0.05975603344024396)
('KRT14', 'TYMS', 0.11803985488196013)
('KRT14', 'UBE2C', 0.18326410431673587)
('KRT14', 'UBE2T', 0.11735632788264366)
('KRT17', 'ACTR3B', 0.20900152479099843)
('KRT17', 'ANLN', 0.2396550817603449)
('KRT17', 'BAG1', 0.10833902939166096)
('KRT17', 'BCL2', -0.14806246385193753)
('KRT17', 'BIRC5', 0.18071402281928597)
('KRT17', 'BLVRA', -0.27543509122456494)
('KRT17', 'CCNB1', 0.0964298859035701)
('KRT17', 'CCNE1', 0.2776171197223829)
('KRT17', 'CDC20', 0.20487407329512589)
('KRT17', 'CDH3', 0.4166885745833114)
('KRT17', 'CENPF', 0.1808191808191808)
('KRT17', 'CEP55', 0.29502076870497923)
('KRT17', 'CXXC5', -0.23852463326147536)
('KRT17', 'EGFR', 0.3877438351122561)
('KRT17', 'ERBB2', -0.15889373784110625)
('KRT17', 'ESR1', -0.30111993269888)
('KRT17', 'EXO1', 0.20771333929228664)
('KRT17', 'FGFR4', -0.23602713076397286)
('KRT17', 'FOXA1', -0.3218886376781113)
('KRT17', 'FOXC1', 0.49718702350281296)
('KRT17', 'GRB7', 0.105972974394027)
('KRT17', 'KIF2C', 0.2448604027551396)
('KRT17', 'KRT14', 0.5669446343130554)
('KRT17', 'KRT17', 0.6998527788001471)
('KRT17', 'KRT5', 0.6057752489331437)
('KRT17', 'MAPT', -0.16370471633629527)
('KRT17', 'MELK', 0.27138650822861343)
('KRT17', 'MKI67', 0.07148115042851884)
('KRT17', 'MLPH', -0.25829433724170564)
('KRT17', 'MMP11', -0.044823597455176396)
('KRT17', 'MYC', 0.2206214837793785)
('KRT17', 'NAT1', -0.25779483674220516)
('KRT17', 'NDC80', 0.24559650875440348)
('KRT17', 'NUF2', 0.2621588937378411)
('KRT17', 'PGR', -0.15258425784741572)
('KRT17', 'PHGDH', 0.3113728376886271)
('KRT17', 'RRM2', 0.016141752983858244)
('KRT17', 'SFRP1', 0.4940848625059151)
('KRT17', 'SLC39A6', -0.09474735790525264)
('KRT17', 'TYMS', 0.1042115778957884)
('KRT17', 'UBE2C', 0.1715126978284873)
('KRT17', 'UBE2T', 0.09650875440349124)
('KRT5', 'ACTR3B', 0.12022188337977811)
('KRT5', 'ANLN', 0.1880487933119512)
('KRT5', 'BAG1', 0.09874336190125664)
('KRT5', 'BCL2', -0.1057100793942899)
('KRT5', 'BIRC5', 0.12608444187391554)
('KRT5', 'BLVRA', -0.18526210631473788)
('KRT5', 'CCNB1', 0.08168147641831852)
('KRT5', 'CCNE1', 0.2228298017771702)
('KRT5', 'CDC20', 0.10631473789368526)
('KRT5', 'CDH3', 0.4787580840212418)
('KRT5', 'CENPF', 0.17632367632367632)
('KRT5', 'CEP55', 0.24154792575845205)
('KRT5', 'CXXC5', -0.1578158683421841)
('KRT5', 'EGFR', 0.36658078763341917)
('KRT5', 'ERBB2', -0.08922656291077342)
('KRT5', 'ESR1', -0.20865976129134023)
('KRT5', 'EXO1', 0.1665702718334297)
('KRT5', 'FGFR4', -0.23952363426047635)
('KRT5', 'FOXA1', -0.21893895578106104)
('KRT5', 'FOXC1', 0.45249487354750506)
('KRT5', 'GRB7', 0.11922288238077709)
('KRT5', 'KIF2C', 0.14485514485514486)
('KRT5', 'KRT14', 0.6145454545454545)
('KRT5', 'KRT17', 0.6854987118145012)
('KRT5', 'KRT5', 0.7203413940256045)
('KRT5', 'MAPT', -0.10991639939008359)
('KRT5', 'MELK', 0.18376360481623638)
('KRT5', 'MKI67', 0.10174036489825963)
('KRT5', 'MLPH', -0.1454860928545139)
('KRT5', 'MMP11', -0.0403280929596719)
('KRT5', 'MYC', 0.2538777012461223)
('KRT5', 'NAT1', -0.16047110783952886)
('KRT5', 'NDC80', 0.1762710973237289)
('KRT5', 'NUF2', 0.16383616383616384)
('KRT5', 'PGR', -0.11233503338766496)
('KRT5', 'PHGDH', 0.20432199379567798)
('KRT5', 'RRM2', 0.03898732846101267)
('KRT5', 'SFRP1', 0.4866712235133287)
('KRT5', 'SLC39A6', 0.00683526999316473)
('KRT5', 'TYMS', 0.09897996740102001)
('KRT5', 'UBE2C', 0.034781008465218984)
('KRT5', 'UBE2T', 0.05002891844997108)
('MAPT', 'ACTR3B', -0.12200956937799042)
('MAPT', 'ANLN', -0.4705820495294179)
('MAPT', 'BAG1', 0.21320784478679214)
('MAPT', 'BCL2', 0.48885325201114666)
('MAPT', 'BIRC5', -0.3794363531205636)
('MAPT', 'BLVRA', 0.24233661075766336)
('MAPT', 'CCNB1', -0.2629212892370787)
('MAPT', 'CCNE1', -0.3813817761186182)
('MAPT', 'CDC20', -0.44865660655134343)
('MAPT', 'CDH3', -0.36290025763709965)
('MAPT', 'CENPF', -0.35895683264104317)
('MAPT', 'CEP55', -0.44802565855197435)
('MAPT', 'CXXC5', 0.3921604711078395)
('MAPT', 'EGFR', -0.4981071560018927)
('MAPT', 'ERBB2', 0.0979283874020716)
('MAPT', 'ESR1', 0.5321257689678741)
('MAPT', 'EXO1', -0.4071454860928545)
('MAPT', 'FGFR4', -0.3260686681739313)
('MAPT', 'FOXA1', 0.3297491981702508)
('MAPT', 'FOXC1', -0.4395867290604132)
('MAPT', 'GRB7', -0.21134129028865872)
('MAPT', 'KIF2C', -0.3784110626215889)
('MAPT', 'KRT14', -0.19980861244019138)
('MAPT', 'KRT17', -0.2636311057363689)
('MAPT', 'KRT5', -0.1766714082503556)
('MAPT', 'MAPT', 0.7885535517114464)
('MAPT', 'MELK', -0.4794416110205583)
('MAPT', 'MKI67', -0.3770702981229297)
('MAPT', 'MLPH', 0.48543561701456434)
('MAPT', 'MMP11', 0.025527104474472893)
('MAPT', 'MYC', 0.019112466480887533)
('MAPT', 'NAT1', 0.3995215311004784)
('MAPT', 'NDC80', -0.2935485567064514)
('MAPT', 'NUF2', -0.266891003733109)
('MAPT', 'PGR', 0.5735317314264682)
('MAPT', 'PHGDH', -0.42865029707134966)
('MAPT', 'RRM2', -0.42410221357589767)
('MAPT', 'SFRP1', -0.34118513065881484)
('MAPT', 'SLC39A6', 0.4091960670908039)
('MAPT', 'TYMS', -0.26373626373626374)
('MAPT', 'UBE2C', -0.3866922551133077)
('MAPT', 'UBE2T', -0.3018297491981702)
('MELK', 'ACTR3B', 0.13009161381254405)
('MELK', 'ANLN', 0.03960535588442565)
('MELK', 'BAG1', 0.10443974630021141)
('MELK', 'BCL2', -0.1131782945736434)
('MELK', 'BIRC5', -0.0002818886539816772)
('MELK', 'BLVRA', -0.0821705426356589)
('MELK', 'CCNB1', -0.030443974630021138)
('MELK', 'CCNE1', -0.03396758280479211)
('MELK', 'CDC20', 0.04933051444679351)
('MELK', 'CDH3', 0.07780126849894292)
('MELK', 'CENPF', -0.07188160676532769)
('MELK', 'CEP55', -0.10655391120507399)
('MELK', 'CXXC5', -0.14615926708949964)
('MELK', 'EGFR', 0.06934460887949259)
('MELK', 'ERBB2', -0.20902043692741368)
('MELK', 'ESR1', -0.1751937984496124)
('MELK', 'EXO1', 0.0482029598308668)
('MELK', 'FGFR4', 0.12868217054263567)
('MELK', 'FOXA1', -0.1547568710359408)
('MELK', 'FOXC1', 0.23847780126849893)
('MELK', 'GRB7', -0.21592670894996474)
('MELK', 'KIF2C', -0.048343904157857644)
('MELK', 'KRT14', 0.15176683781334943)
('MELK', 'KRT17', 0.2063424947145877)
('MELK', 'KRT5', 0.1665659921473875)
('MELK', 'MAPT', -0.14052149400986608)
('MELK', 'MELK', 0.08823114869626496)
('MELK', 'MKI67', -0.1698379140239605)
('MELK', 'MLPH', -0.043551797040169135)
('MELK', 'MMP11', -0.15574348132487667)
('MELK', 'MYC', 0.11092318534178998)
('MELK', 'NAT1', -0.1252995066948555)
('MELK', 'NDC80', 0.07794221282593375)
('MELK', 'NUF2', 0.09499647639182522)
('MELK', 'PGR', -0.13136011275546158)
('MELK', 'PHGDH', 0.059055673009161376)
('MELK', 'RRM2', -0.12938689217758984)
('MELK', 'SFRP1', 0.06300211416490487)
('MELK', 'SLC39A6', -0.25835095137420716)
('MELK', 'TYMS', 0.05933756166314306)
('MELK', 'UBE2C', 0.18731501057082453)
('MELK', 'UBE2T', -0.024524312896405918)
('MKI67', 'ACTR3B', 0.16196960933803037)
('MKI67', 'ANLN', 0.4759976865240023)
('MKI67', 'BAG1', -0.20929070929070928)
('MKI67', 'BCL2', -0.33271991166728004)
('MKI67', 'BIRC5', 0.5306798464693201)
('MKI67', 'BLVRA', -0.09926915190073085)
('MKI67', 'CCNB1', 0.35785267364214735)
('MKI67', 'CCNE1', 0.4460276565539723)
('MKI67', 'CDC20', 0.5471896524528104)
('MKI67', 'CDH3', 0.29381145170618855)
('MKI67', 'CENPF', 0.40924864609075134)
('MKI67', 'CEP55', 0.5390399074609601)
('MKI67', 'CXXC5', -0.28850097271149905)
('MKI67', 'EGFR', 0.19101950680898044)
('MKI67', 'ERBB2', -0.2917082917082917)
('MKI67', 'ESR1', -0.3443135811556864)
('MKI67', 'EXO1', 0.49952678900047315)
('MKI67', 'FGFR4', 0.2178873757821126)
('MKI67', 'FOXA1', -0.3499658236500341)
('MKI67', 'FOXC1', 0.22929701877070294)
('MKI67', 'GRB7', -0.10705084389294915)
('MKI67', 'KIF2C', 0.574188968925811)
('MKI67', 'KRT14', 0.026657552973342442)
('MKI67', 'KRT17', 0.14969241285030757)
('MKI67', 'KRT5', 0.13496443812233286)
('MKI67', 'MAPT', -0.4693201535306798)
('MKI67', 'MELK', 0.5312056364687944)
('MKI67', 'MKI67', 0.5051264524948734)
('MKI67', 'MLPH', -0.3108470476891529)
('MKI67', 'MMP11', -0.05599663494400335)
('MKI67', 'MYC', 0.16097060833902938)
('MKI67', 'NAT1', -0.23534360376465635)
('MKI67', 'NDC80', 0.5315211104684787)
('MKI67', 'NUF2', 0.324911930175088)
('MKI67', 'PGR', -0.4303065355696934)
('MKI67', 'PHGDH', 0.4071454860928545)
('MKI67', 'RRM2', 0.36382039013617956)
('MKI67', 'SFRP1', 0.16517692833482306)
('MKI67', 'SLC39A6', -0.31463273568536726)
('MKI67', 'TYMS', 0.47247489352752503)
('MKI67', 'UBE2C', 0.5436405699563593)
('MKI67', 'UBE2T', 0.3901624691098375)
('MLPH', 'ACTR3B', -0.5391713549608287)
('MLPH', 'ANLN', -0.3921867606078132)
('MLPH', 'BAG1', 0.3594037541405962)
('MLPH', 'BCL2', 0.37267995162732)
('MLPH', 'BIRC5', -0.4259950575740049)
('MLPH', 'BLVRA', 0.4810715600189284)
('MLPH', 'CCNB1', -0.19193963930806032)
('MLPH', 'CCNE1', -0.6436984068563015)
('MLPH', 'CDC20', -0.473026973026973)
('MLPH', 'CDH3', -0.44705294705294707)
('MLPH', 'CENPF', -0.4443714180556285)
('MLPH', 'CEP55', -0.4931384405068615)
('MLPH', 'CXXC5', 0.47796939902203056)
('MLPH', 'EGFR', -0.4606183290393816)
('MLPH', 'ERBB2', 0.32930227667069767)
('MLPH', 'ESR1', 0.4579105105420895)
('MLPH', 'EXO1', -0.469661917030338)
('MLPH', 'FGFR4', 0.011725116988274883)
('MLPH', 'FOXA1', 0.6061832903938167)
('MLPH', 'FOXC1', -0.47647089752352906)
('MLPH', 'GRB7', 0.0328092959671907)
('MLPH', 'KIF2C', -0.4453178400546821)
('MLPH', 'KRT14', -0.18846206425153794)
('MLPH', 'KRT17', -0.35808927914191063)
('MLPH', 'KRT5', -0.26534850640113794)
('MLPH', 'MAPT', 0.36949892213050106)
('MLPH', 'MELK', -0.43522267206477727)
('MLPH', 'MKI67', -0.31986434618013565)
('MLPH', 'MLPH', 0.6798201798201797)
('MLPH', 'MMP11', 0.07429412692570586)
('MLPH', 'MYC', -0.37720174562279823)
('MLPH', 'NAT1', 0.5549450549450549)
('MLPH', 'NDC80', -0.38356380461643613)
('MLPH', 'NUF2', -0.41292917608707075)
('MLPH', 'PGR', 0.34318313265681677)
('MLPH', 'PHGDH', -0.45344129554655865)
('MLPH', 'RRM2', -0.19890635680109361)
('MLPH', 'SFRP1', -0.44287291655712707)
('MLPH', 'SLC39A6', 0.48485724801514274)
('MLPH', 'TYMS', -0.3471002681528997)
('MLPH', 'UBE2C', -0.33708396866291596)
('MLPH', 'UBE2T', -0.36429360113570636)
('MMP11', 'ACTR3B', -0.3193648456806351)
('MMP11', 'ANLN', 0.20413796729586203)
('MMP11', 'BAG1', -0.04921394395078605)
('MMP11', 'BCL2', -0.03467585046532415)
('MMP11', 'BIRC5', 0.10626215889373784)
('MMP11', 'BLVRA', 0.04753141595246858)
('MMP11', 'CCNB1', 0.1645985593354014)
('MMP11', 'CCNE1', 0.01537935748462064)
('MMP11', 'CDC20', 0.10105683789894315)
('MMP11', 'CDH3', 0.12127346337872653)
('MMP11', 'CENPF', 0.092170986907829)
('MMP11', 'CEP55', 0.14067511435932487)
('MMP11', 'CXXC5', 0.20447973079552026)
('MMP11', 'EGFR', -0.0018665544981334452)
('MMP11', 'ERBB2', 0.19948472580051527)
('MMP11', 'ESR1', -0.04787317945212681)
('MMP11', 'EXO1', 0.1638098743361901)
('MMP11', 'FGFR4', -0.13418160786581837)
('MMP11', 'FOXA1', 0.004653241495346758)
('MMP11', 'FOXC1', 0.06390977443609022)
('MMP11', 'GRB7', 0.24480782375519214)
('MMP11', 'KIF2C', 0.08796466691203533)
('MMP11', 'KRT14', 0.06881749829118251)
('MMP11', 'KRT17', 0.15119091434880907)
('MMP11', 'KRT5', 0.05823613086770981)
('MMP11', 'MAPT', 0.0848887954151112)
('MMP11', 'MELK', 0.1257163888742836)
('MMP11', 'MKI67', 0.03209947946790052)
('MMP11', 'MLPH', -0.013617960986382037)
('MMP11', 'MMP11', 0.7316630737683368)
('MMP11', 'MYC', -0.044586991955413005)
('MMP11', 'NAT1', 0.06467216993532782)
('MMP11', 'NDC80', 0.05260528944739471)
('MMP11', 'NUF2', 0.03007518796992481)
('MMP11', 'PGR', 0.14214732635785265)
('MMP11', 'PHGDH', -0.07558231242441768)
('MMP11', 'RRM2', 0.0956937799043062)
('MMP11', 'SFRP1', -0.08607182291392816)
('MMP11', 'SLC39A6', 0.048109784951890215)
('MMP11', 'TYMS', -0.018060886481939112)
('MMP11', 'UBE2C', 0.11659393238340605)
('MMP11', 'UBE2T', 0.14869341185130658)
('MYC', 'ACTR3B', -0.05815923207227556)
('MYC', 'ANLN', -0.07735742518351214)
('MYC', 'BAG1', 0.012987012987012988)
('MYC', 'BCL2', 0.05251270468661773)
('MYC', 'BIRC5', 0.047995482778091486)
('MYC', 'BLVRA', 0.0852625635234331)
('MYC', 'CCNB1', 0.29531338226990406)
('MYC', 'CCNE1', -0.06041784302653869)
('MYC', 'CDC20', 0.22642574816487862)
('MYC', 'CDH3', 0.006211180124223602)
('MYC', 'CENPF', 0.10671936758893281)
('MYC', 'CEP55', 0.2399774138904574)
('MYC', 'CXXC5', -0.1394692264257482)
('MYC', 'EGFR', -0.08187464709203841)
('MYC', 'ERBB2', -0.3551665725578769)
('MYC', 'ESR1', -0.09994353472614344)
('MYC', 'EXO1', -0.11688311688311688)
('MYC', 'FGFR4', 0.09316770186335405)
('MYC', 'FOXA1', -0.15302089215132694)
('MYC', 'FOXC1', -0.02992659514398645)
('MYC', 'GRB7', -0.30434782608695654)
('MYC', 'KIF2C', 0.13156408808582723)
('MYC', 'KRT14', 0.2806324110671937)
('MYC', 'KRT17', 0.1507622811970638)
('MYC', 'KRT5', 0.3314511575381141)
('MYC', 'MAPT', -0.0378317334839074)
('MYC', 'MELK', 0.08752117447769624)
('MYC', 'MKI67', 0.04573687182382835)
('MYC', 'MLPH', 0.1044607566346697)
('MYC', 'MMP11', -0.018633540372670808)
('MYC', 'MYC', -0.16996047430830044)
('MYC', 'NAT1', 0.028797289666854884)
('MYC', 'NDC80', 0.46583850931677023)
('MYC', 'NUF2', 0.3935629587803502)
('MYC', 'PGR', -0.163184641445511)
('MYC', 'PHGDH', -0.005081874647092039)
('MYC', 'RRM2', 0.08639186900056467)
('MYC', 'SFRP1', -0.044607566346696784)
('MYC', 'SLC39A6', 0.0378317334839074)
('MYC', 'TYMS', 0.3675889328063242)
('MYC', 'UBE2C', 0.39582156973461324)
('MYC', 'UBE2T', 0.24110671936758896)
('NAT1', 'ACTR3B', -0.2709132972290867)
('NAT1', 'ANLN', -0.2792996477207003)
('NAT1', 'BAG1', 0.219937956780062)
('NAT1', 'BCL2', 0.5181134654818865)
('NAT1', 'BIRC5', -0.341263999158736)
('NAT1', 'BLVRA', 0.30264472369735523)
('NAT1', 'CCNB1', -0.14438193385561804)
('NAT1', 'CCNE1', -0.4827015090172984)
('NAT1', 'CDC20', -0.41829223408170774)
('NAT1', 'CDH3', -0.3849834376150166)
('NAT1', 'CENPF', -0.21920185078079812)
('NAT1', 'CEP55', -0.2805615437194384)
('NAT1', 'CXXC5', 0.6000052578999946)
('NAT1', 'EGFR', -0.30600977969399024)
('NAT1', 'ERBB2', 0.2426783742573216)
('NAT1', 'ESR1', 0.5533413954466585)
('NAT1', 'EXO1', -0.2986487197013512)
('NAT1', 'FGFR4', -0.27372627372627373)
('NAT1', 'FOXA1', 0.5033124769966875)
('NAT1', 'FOXC1', -0.4188180240811819)
('NAT1', 'GRB7', -0.05649613544350386)
('NAT1', 'KIF2C', -0.3036963036963037)
('NAT1', 'KRT14', -0.07313738892686263)
('NAT1', 'KRT17', -0.20863347179136651)
('NAT1', 'KRT5', -0.17106685633001423)
('NAT1', 'MAPT', 0.5318891634681108)
('NAT1', 'MELK', -0.3236237446763762)
('NAT1', 'MKI67', -0.15479257584520742)
('NAT1', 'MLPH', 0.5210841789789157)
('NAT1', 'MMP11', 0.12666281087333717)
('NAT1', 'MYC', -0.09135601240864398)
('NAT1', 'NAT1', 0.7904201062095799)
('NAT1', 'NDC80', -0.26660181923339815)
('NAT1', 'NUF2', -0.14335664335664336)
('NAT1', 'PGR', 0.53740995846259)
('NAT1', 'PHGDH', -0.3617435196382565)
('NAT1', 'RRM2', -0.14808875335191124)
('NAT1', 'SFRP1', -0.29094589620905403)
('NAT1', 'SLC39A6', 0.5410904884589095)
('NAT1', 'TYMS', -0.2154424522845575)
('NAT1', 'UBE2C', -0.30146169619853824)
('NAT1', 'UBE2T', -0.20986907829013088)
('NDC80', 'ACTR3B', 0.24022759601706967)
('NDC80', 'ANLN', 0.5679658605974396)
('NDC80', 'BAG1', -0.16568990042674253)
('NDC80', 'BCL2', -0.18241820768136557)
('NDC80', 'BIRC5', 0.5095590327169274)
('NDC80', 'BLVRA', -0.18893314366998576)
('NDC80', 'CCNB1', 0.5114651493598862)
('NDC80', 'CCNE1', 0.3928876244665719)
('NDC80', 'CDC20', 0.5650640113798008)
('NDC80', 'CDH3', 0.29706970128022764)
('NDC80', 'CENPF', 0.6383499288762446)
('NDC80', 'CEP55', 0.5939687055476529)
('NDC80', 'CXXC5', -0.24139402560455192)
('NDC80', 'EGFR', 0.16916073968705547)
('NDC80', 'ERBB2', -0.14509246088193453)
('NDC80', 'ESR1', -0.14586059743954483)
('NDC80', 'EXO1', 0.5834423897581793)
('NDC80', 'FGFR4', -0.024893314366998574)
('NDC80', 'FOXA1', -0.3092176386913229)
('NDC80', 'FOXC1', 0.1411948790896159)
('NDC80', 'GRB7', 0.009217638691322902)
('NDC80', 'KIF2C', 0.6303840682788051)
('NDC80', 'KRT14', 0.011477230655312845)
('NDC80', 'KRT17', 0.14512091038406827)
('NDC80', 'KRT5', 0.11854868567197333)
('NDC80', 'MAPT', -0.23991465149359886)
('NDC80', 'MELK', 0.5719487908961592)
('NDC80', 'MKI67', 0.48825035561877667)
('NDC80', 'MLPH', -0.2844665718349929)
('NDC80', 'MMP11', -0.12483641536273114)
('NDC80', 'MYC', 0.17658605974395447)
('NDC80', 'NAT1', -0.06125177809388336)
('NDC80', 'NDC80', 0.7582076813655759)
('NDC80', 'NUF2', 0.5772403982930299)
('NDC80', 'PGR', -0.15880512091038404)
('NDC80', 'PHGDH', 0.39453769559032714)
('NDC80', 'RRM2', 0.3477382645803698)
('NDC80', 'SFRP1', 0.077524893314367)
('NDC80', 'SLC39A6', -0.07502133712660028)
('NDC80', 'TYMS', 0.5951066856330014)
('NDC80', 'UBE2C', 0.5933428165007113)
('NDC80', 'UBE2T', 0.5599999999999999)
('NUF2', 'ACTR3B', 0.03189915750209017)
('NUF2', 'ANLN', 0.4521512637468648)
('NUF2', 'BAG1', -0.16287221043153902)
('NUF2', 'BCL2', -0.207569618624992)
('NUF2', 'BIRC5', 0.37066692391793693)
('NUF2', 'BLVRA', -0.12052222007846165)
('NUF2', 'CCNB1', 0.34860762750016083)
('NUF2', 'CCNE1', 0.2917550967907905)
('NUF2', 'CDC20', 0.4383561643835617)
('NUF2', 'CDH3', 0.2205608077689884)
('NUF2', 'CENPF', 0.36552189851437394)
('NUF2', 'CEP55', 0.4628271914592579)
('NUF2', 'CXXC5', -0.2591163418869381)
('NUF2', 'EGFR', 0.07164447874461381)
('NUF2', 'ERBB2', -0.18197311724226642)
('NUF2', 'ESR1', -0.14808026239629563)
('NUF2', 'EXO1', 0.3582223937230691)
('NUF2', 'FGFR4', -0.17229403820181363)
('NUF2', 'FOXA1', -0.2822046433854268)
('NUF2', 'FOXC1', 0.14203485754710918)
('NUF2', 'GRB7', -0.04884558492507558)
('NUF2', 'KIF2C', 0.4948228181876649)
('NUF2', 'KRT14', -0.057042253521126754)
('NUF2', 'KRT17', 0.08315647308508588)
('NUF2', 'KRT5', 0.07451374916163647)
('NUF2', 'MAPT', -0.23663901215512254)
('NUF2', 'MELK', 0.3301820052736511)
('NUF2', 'MKI67', 0.37960640555662745)
('NUF2', 'MLPH', -0.2174094797093061)
('NUF2', 'MMP11', -0.028522734581002)
('NUF2', 'MYC', 0.11052157695028621)
('NUF2', 'NAT1', -0.0705511608463567)
('NUF2', 'NDC80', 0.612643899929256)
('NUF2', 'NUF2', 0.3556498810212876)
('NUF2', 'PGR', -0.15049199305421573)
('NUF2', 'PHGDH', 0.3244581645121873)
('NUF2', 'RRM2', 0.2278603125602933)
('NUF2', 'SFRP1', 0.004566210045662101)
('NUF2', 'SLC39A6', -0.0771432246446717)
('NUF2', 'TYMS', 0.5052736510386521)
('NUF2', 'UBE2C', 0.4187085986237058)
('NUF2', 'UBE2T', 0.38626278217248705)
('PGR', 'ACTR3B', -0.1252431778747568)
('PGR', 'ANLN', -0.3433408696566591)
('PGR', 'BAG1', 0.2695725327304274)
('PGR', 'BCL2', 0.45533413954466584)
('PGR', 'BIRC5', -0.29460013670539986)
('PGR', 'BLVRA', 0.23505441926494558)
('PGR', 'CCNB1', -0.13859824386140174)
('PGR', 'CCNE1', -0.4975813660024186)
('PGR', 'CDC20', -0.33979178716020814)
('PGR', 'CDH3', -0.3239655081760345)
('PGR', 'CENPF', -0.22906041327093957)
('PGR', 'CEP55', -0.3899521531100478)
('PGR', 'CXXC5', 0.437246963562753)
('PGR', 'EGFR', -0.41361270308638726)
('PGR', 'ERBB2', 0.04695304695304695)
('PGR', 'ESR1', 0.6079183973920815)
('PGR', 'EXO1', -0.31889163468110837)
('PGR', 'FGFR4', -0.4329617750670382)
('PGR', 'FOXA1', 0.4197644460802355)
('PGR', 'FOXC1', -0.40606761659393237)
('PGR', 'GRB7', -0.17724380882275617)
('PGR', 'KIF2C', -0.2806667017193332)
('PGR', 'KRT14', -0.19737525632262473)
('PGR', 'KRT17', -0.2773542247226457)
('PGR', 'KRT5', -0.21920341394025605)
('PGR', 'MAPT', 0.6450128818549871)
('PGR', 'MELK', -0.41500604658499385)
('PGR', 'MKI67', -0.33503338766496654)
('PGR', 'MLPH', 0.44973447605026545)
('PGR', 'MMP11', 0.03583258846416741)
('PGR', 'MYC', 0.004758399495241599)
('PGR', 'NAT1', 0.4502602660497397)
('PGR', 'NDC80', -0.203138966296861)
('PGR', 'NUF2', -0.12732004837267996)
('PGR', 'PGR', 0.7413901887586096)
('PGR', 'PHGDH', -0.32591093117408904)
('PGR', 'RRM2', -0.36350491613649505)
('PGR', 'SFRP1', -0.3017245911982754)
('PGR', 'SLC39A6', 0.43006993006993005)
('PGR', 'TYMS', -0.12371838687628159)
('PGR', 'UBE2C', -0.30698249119301746)
('PGR', 'UBE2T', -0.17061885482938113)
('PHGDH', 'ACTR3B', 0.42633682107366316)
('PHGDH', 'ANLN', 0.47289552552710445)
('PHGDH', 'BAG1', -0.29596719070403277)
('PHGDH', 'BCL2', -0.4982123140017876)
('PHGDH', 'BIRC5', 0.47426257952573736)
('PHGDH', 'BLVRA', -0.4366160155633839)
('PHGDH', 'CCNB1', 0.37935748462064245)
('PHGDH', 'CCNE1', 0.49361165150638825)
('PHGDH', 'CDC20', 0.5339660339660339)
('PHGDH', 'CDH3', 0.4030180345969819)
('PHGDH', 'CENPF', 0.4737630790262368)
('PHGDH', 'CEP55', 0.5380671959619328)
('PHGDH', 'CXXC5', -0.4189231820810768)
('PHGDH', 'EGFR', 0.4440033650559965)
('PHGDH', 'ERBB2', -0.13715232136284766)
('PHGDH', 'ESR1', -0.4198696040801304)
('PHGDH', 'EXO1', 0.5554445554445554)
('PHGDH', 'FGFR4', 0.06853672643146327)
('PHGDH', 'FOXA1', -0.3095062831904937)
('PHGDH', 'FOXC1', 0.3085861506914138)
('PHGDH', 'GRB7', 0.1730374888269625)
('PHGDH', 'KIF2C', 0.5338871654661128)
('PHGDH', 'KRT14', 0.14466165413533832)
('PHGDH', 'KRT17', 0.28082443871917556)
('PHGDH', 'KRT5', 0.17897581792318634)
('PHGDH', 'MAPT', -0.3832483306167516)
('PHGDH', 'MELK', 0.4803880330196119)
('PHGDH', 'MKI67', 0.46017140753982855)
('PHGDH', 'MLPH', -0.4175561280824438)
('PHGDH', 'MMP11', -0.10252904989747094)
('PHGDH', 'MYC', 0.08917398391082601)
('PHGDH', 'NAT1', -0.36290025763709965)
('PHGDH', 'NDC80', 0.43280403806719586)
('PHGDH', 'NUF2', 0.3443398706556601)
('PHGDH', 'PGR', -0.35774751564225243)
('PHGDH', 'PHGDH', 0.8655554971344444)
('PHGDH', 'RRM2', 0.39668226510331767)
('PHGDH', 'SFRP1', 0.34725800515274197)
('PHGDH', 'SLC39A6', -0.3311425416688574)
('PHGDH', 'TYMS', 0.3463904516536095)
('PHGDH', 'UBE2C', 0.38627162311372837)
('PHGDH', 'UBE2T', 0.454860928545139)
('RRM2', 'ACTR3B', -0.05967716494032283)
('RRM2', 'ANLN', 0.5646984594353015)
('RRM2', 'BAG1', -0.20284978179715019)
('RRM2', 'BCL2', -0.17132867132867133)
('RRM2', 'BIRC5', 0.5113833534886166)
('RRM2', 'BLVRA', 0.15211104684788893)
('RRM2', 'CCNB1', 0.6293706293706294)
('RRM2', 'CCNE1', 0.2615805247384194)
('RRM2', 'CDC20', 0.43640569956359426)
('RRM2', 'CDH3', 0.04227351595772647)
('RRM2', 'CENPF', 0.4705820495294179)
('RRM2', 'CEP55', 0.5172984909827014)
('RRM2', 'CXXC5', 0.12926547137073452)
('RRM2', 'EGFR', -0.07255901992744097)
('RRM2', 'ERBB2', 0.12172038487827962)
('RRM2', 'ESR1', -0.017088174982911822)
('RRM2', 'EXO1', 0.5304432409695566)
('RRM2', 'FGFR4', 0.21373363478626634)
('RRM2', 'FOXA1', 0.014064882485935116)
('RRM2', 'FOXC1', -0.1484830958515169)
('RRM2', 'GRB7', 0.06627582943372416)
('RRM2', 'KIF2C', 0.5455334139544665)
('RRM2', 'KRT14', -0.0413943950786056)
('RRM2', 'KRT17', 0.0008412639991587359)
('RRM2', 'KRT5', 0.021052631578947364)
('RRM2', 'MAPT', -0.13736263736263735)
('RRM2', 'MELK', 0.4043062200956937)
('RRM2', 'MKI67', 0.4599610915400389)
('RRM2', 'MLPH', -0.022766706977233292)
('RRM2', 'MMP11', 0.05675903044324097)
('RRM2', 'MYC', 0.07702823492297174)
('RRM2', 'NAT1', 0.14819391135180607)
('RRM2', 'NDC80', 0.44765760555234235)
('RRM2', 'NUF2', 0.2977548767022451)
('RRM2', 'PGR', -0.0974025974025974)
('RRM2', 'PHGDH', 0.2842683632157316)
('RRM2', 'RRM2', 0.7251695672748303)
('RRM2', 'SFRP1', -0.19112466480887533)
('RRM2', 'SLC39A6', 0.10426415689573584)
('RRM2', 'TYMS', 0.37488826962511174)
('RRM2', 'UBE2C', 0.5159314369840685)
('RRM2', 'UBE2T', 0.541852883958147)
('SFRP1', 'ACTR3B', 0.3633997581366002)
('SFRP1', 'ANLN', 0.27814290972185707)
('SFRP1', 'BAG1', -0.05738997844261002)
('SFRP1', 'BCL2', -0.27790630422209367)
('SFRP1', 'BIRC5', 0.2739103002260897)
('SFRP1', 'BLVRA', -0.37570324412429673)
('SFRP1', 'CCNB1', 0.09022556390977442)
('SFRP1', 'CCNE1', 0.39229191860770807)
('SFRP1', 'CDC20', 0.3304064356695935)
('SFRP1', 'CDH3', 0.42936011357063986)
('SFRP1', 'CENPF', 0.25981912824018083)
('SFRP1', 'CEP55', 0.29344339870655656)
('SFRP1', 'CXXC5', -0.40761869709238124)
('SFRP1', 'EGFR', 0.519874861980125)
('SFRP1', 'ERBB2', -0.13552237236447764)
('SFRP1', 'ESR1', -0.48241232451758764)
('SFRP1', 'EXO1', 0.16175929333824068)
('SFRP1', 'FGFR4', -0.11157263788842735)
('SFRP1', 'FOXA1', -0.39626163310373835)
('SFRP1', 'FOXC1', 0.5965876229034123)
('SFRP1', 'GRB7', 0.13341921236658077)
('SFRP1', 'KIF2C', 0.2584257847415742)
('SFRP1', 'KRT14', 0.47291866028708135)
('SFRP1', 'KRT17', 0.5644092749355906)
('SFRP1', 'KRT5', 0.4368136557610241)
('SFRP1', 'MAPT', -0.29741311320258684)
('SFRP1', 'MELK', 0.2760397497239603)
('SFRP1', 'MKI67', 0.20505809979494188)
('SFRP1', 'MLPH', -0.39137178610862816)
('SFRP1', 'MMP11', -0.1354697933645302)
('SFRP1', 'MYC', 0.3243072716756927)
('SFRP1', 'NAT1', -0.33024869866975126)
('SFRP1', 'NDC80', 0.1958304853041695)
('SFRP1', 'NUF2', 0.18760187181239812)
('SFRP1', 'PGR', -0.25432462274567535)
('SFRP1', 'PHGDH', 0.2898417372101582)
('SFRP1', 'RRM2', 0.090172984909827)
('SFRP1', 'SFRP1', 0.7359482622640517)
('SFRP1', 'SLC39A6', -0.23155791576844206)
('SFRP1', 'TYMS', 0.11367579788632419)
('SFRP1', 'UBE2C', 0.10768179189231819)
('SFRP1', 'UBE2T', 0.12408643987591354)
('SLC39A6', 'ACTR3B', 0.062072797999444304)
('SLC39A6', 'ANLN', -0.35309808280077803)
('SLC39A6', 'BAG1', 0.2848569046957489)
('SLC39A6', 'BCL2', 0.4810780772436789)
('SLC39A6', 'BIRC5', -0.18666296193387055)
('SLC39A6', 'BLVRA', 0.3639899972214504)
('SLC39A6', 'CCNB1', -0.1989441511530981)
('SLC39A6', 'CCNE1', -0.27113086968602396)
('SLC39A6', 'CDC20', -0.32981383717699364)
('SLC39A6', 'CDH3', -0.2610169491525424)
('SLC39A6', 'CENPF', -0.325868296749097)
('SLC39A6', 'CEP55', -0.36832453459294257)
('SLC39A6', 'CXXC5', 0.260905807168658)
('SLC39A6', 'EGFR', -0.33698249513753825)
('SLC39A6', 'ERBB2', -0.0756321200333426)
('SLC39A6', 'ESR1', 0.43334259516532375)
('SLC39A6', 'EXO1', -0.2680188941372604)
('SLC39A6', 'FGFR4', -0.20277854959711036)
('SLC39A6', 'FOXA1', 0.33898305084745767)
('SLC39A6', 'FOXC1', -0.2093914976382329)
('SLC39A6', 'GRB7', -0.29674909697138097)
('SLC39A6', 'KIF2C', -0.2866907474298417)
('SLC39A6', 'KRT14', 0.03851548801870252)
('SLC39A6', 'KRT17', -0.1788274520700195)
('SLC39A6', 'KRT5', -0.14749761604478762)
('SLC39A6', 'MAPT', 0.3119755487635455)
('SLC39A6', 'MELK', -0.39299805501528207)
('SLC39A6', 'MKI67', -0.3166435120866908)
('SLC39A6', 'MLPH', 0.5267018616282302)
('SLC39A6', 'MMP11', -0.33237010280633517)
('SLC39A6', 'MYC', -0.10291747707696584)
('SLC39A6', 'NAT1', 0.3185329258127258)
('SLC39A6', 'NDC80', -0.24251180883578774)
('SLC39A6', 'NUF2', -0.18193942761878304)
('SLC39A6', 'PGR', 0.31030841900527933)
('SLC39A6', 'PHGDH', -0.18560711308696864)
('SLC39A6', 'RRM2', -0.2207279799944429)
('SLC39A6', 'SFRP1', -0.125868296749097)
('SLC39A6', 'SLC39A6', 0.5572659071964436)
('SLC39A6', 'TYMS', -0.018227285357043627)
('SLC39A6', 'UBE2C', -0.19033064740205619)
('SLC39A6', 'UBE2T', -0.1718255070853015)
('TYMS', 'ACTR3B', 0.16163766506232263)
('TYMS', 'ANLN', 0.38275947180056774)
('TYMS', 'BAG1', -0.15555966925829942)
('TYMS', 'BCL2', -0.094841416759225)
('TYMS', 'BIRC5', 0.37847093669011483)
('TYMS', 'BLVRA', -0.07781068739972852)
('TYMS', 'CCNB1', 0.4395902752067137)
('TYMS', 'CCNE1', 0.2859743304948785)
('TYMS', 'CDC20', 0.5434715537455265)
('TYMS', 'CDH3', 0.22380599777860055)
('TYMS', 'CENPF', 0.4217882265827472)
('TYMS', 'CEP55', 0.47035048747377517)
('TYMS', 'CXXC5', -0.266197704553869)
('TYMS', 'EGFR', 0.07389238553622117)
('TYMS', 'ERBB2', -0.30701592002961864)
('TYMS', 'ESR1', -0.20621991854868568)
('TYMS', 'EXO1', 0.4531346414908059)
('TYMS', 'FGFR4', 0.050413427125755896)
('TYMS', 'FOXA1', -0.2751141552511416)
('TYMS', 'FOXC1', 0.06312476860422067)
('TYMS', 'GRB7', -0.16851783290139458)
('TYMS', 'KIF2C', 0.5323337035665804)
('TYMS', 'KRT14', -0.07389542735867259)
('TYMS', 'KRT17', 0.08296310008638777)
('TYMS', 'KRT5', 0.1011066398390342)
('TYMS', 'MAPT', -0.23019252128841172)
('TYMS', 'MELK', 0.3666234727878564)
('TYMS', 'MKI67', 0.41305689250894734)
('TYMS', 'MLPH', -0.2910341848698013)
('TYMS', 'MMP11', -0.16857953844255216)
('TYMS', 'MYC', 0.2741268665926201)
('TYMS', 'NAT1', -0.07673084042947058)
('TYMS', 'NDC80', 0.5138528939898804)
('TYMS', 'NUF2', 0.22392940886091572)
('TYMS', 'PGR', -0.08435147476243368)
('TYMS', 'PHGDH', 0.25882389238553627)
('TYMS', 'RRM2', 0.26493274096013825)
('TYMS', 'SFRP1', 0.060563988646180435)
('TYMS', 'SLC39A6', -0.2002653338269777)
('TYMS', 'TYMS', 0.7367950141922747)
('TYMS', 'UBE2C', 0.4819202764408244)
('TYMS', 'UBE2T', 0.4379242255954585)
('UBE2C', 'ACTR3B', 0.14666912035333085)
('UBE2C', 'ANLN', 0.6372574793627424)
('UBE2C', 'BAG1', -0.22272464377727533)
('UBE2C', 'BCL2', -0.30919080919080916)
('UBE2C', 'BIRC5', 0.5651453809348547)
('UBE2C', 'BLVRA', -0.06827383143172616)
('UBE2C', 'CCNB1', 0.6983805668016194)
('UBE2C', 'CCNE1', 0.43940270256059727)
('UBE2C', 'CDC20', 0.6188548293811451)
('UBE2C', 'CDH3', 0.23676323676323674)
('UBE2C', 'CENPF', 0.6752983858247016)
('UBE2C', 'CEP55', 0.6660707713339292)
('UBE2C', 'CXXC5', -0.09311740890688258)
('UBE2C', 'EGFR', 0.05944055944055943)
('UBE2C', 'ERBB2', 0.06170145643829853)
('UBE2C', 'ESR1', -0.15158525684841473)
('UBE2C', 'EXO1', 0.6965403018034596)
('UBE2C', 'FGFR4', 0.28545139071454856)
('UBE2C', 'FOXA1', -0.16967243283032754)
('UBE2C', 'FOXC1', 0.04789946895210053)
('UBE2C', 'GRB7', 0.1305010778694989)
('UBE2C', 'KIF2C', 0.6572900783427099)
('UBE2C', 'KRT14', -0.027696514012303487)
('UBE2C', 'KRT17', 0.046479835953520156)
('UBE2C', 'KRT5', 0.004978662873399715)
('UBE2C', 'MAPT', -0.26055523423944477)
('UBE2C', 'MELK', 0.5271044744728954)
('UBE2C', 'MKI67', 0.58155002891845)
('UBE2C', 'MLPH', -0.28652926021347075)
('UBE2C', 'MMP11', -0.023555391976444604)
('UBE2C', 'MYC', 0.14254166885745834)
('UBE2C', 'NAT1', -0.009437930490562069)
('UBE2C', 'NDC80', 0.5062043219937956)
('UBE2C', 'NUF2', 0.5116725379883273)
('UBE2C', 'PGR', -0.1968557758031442)
('UBE2C', 'PHGDH', 0.35425101214574894)
('UBE2C', 'RRM2', 0.6012671538987329)
('UBE2C', 'SFRP1', -0.07274304642725694)
('UBE2C', 'SLC39A6', -0.06811609443188389)
('UBE2C', 'TYMS', 0.5310741889689258)
('UBE2C', 'UBE2C', 0.7408118197591881)
('UBE2C', 'UBE2T', 0.6581576318418423)
('UBE2T', 'ACTR3B', 0.2426520847573479)
('UBE2T', 'ANLN', 0.5239234449760765)
('UBE2T', 'BAG1', -0.16488774383511226)
('UBE2T', 'BCL2', -0.18591934381408062)
('UBE2T', 'BIRC5', 0.5156948314843052)
('UBE2T', 'BLVRA', -0.07171775592828224)
('UBE2T', 'CCNB1', 0.5936957779063042)
('UBE2T', 'CCNE1', 0.3647405226352595)
('UBE2T', 'CDC20', 0.46119669803880325)
('UBE2T', 'CDH3', 0.2214890372785109)
('UBE2T', 'CENPF', 0.6371523213628476)
('UBE2T', 'CEP55', 0.5278142909721858)
('UBE2T', 'CXXC5', -0.16391503233608495)
('UBE2T', 'EGFR', 0.15778957884221043)
('UBE2T', 'ERBB2', 0.037120773962879224)
('UBE2T', 'ESR1', -0.08806982491193016)
('UBE2T', 'EXO1', 0.5503181029496819)
('UBE2T', 'FGFR4', 0.12174667437825332)
('UBE2T', 'FOXA1', -0.14748409485251587)
('UBE2T', 'FOXC1', 0.06333140543666858)
('UBE2T', 'GRB7', 0.022661548977338446)
('UBE2T', 'KIF2C', 0.5171144644828854)
('UBE2T', 'KRT14', 0.04970608339029392)
('UBE2T', 'KRT17', 0.11677795888322204)
('UBE2T', 'KRT5', 0.0842674253200569)
('UBE2T', 'MAPT', -0.10450076239549921)
('UBE2T', 'MELK', 0.40801303959198687)
('UBE2T', 'MKI67', 0.43117408906882587)
('UBE2T', 'MLPH', -0.19866975130133022)
('UBE2T', 'MMP11', -0.08885850991114148)
('UBE2T', 'MYC', 0.2396025027603975)
('UBE2T', 'NAT1', 0.07411010042588989)
('UBE2T', 'NDC80', 0.4831221410168778)
('UBE2T', 'NUF2', 0.501813975498186)
('UBE2T', 'PGR', -0.07992007992007992)
('UBE2T', 'PHGDH', 0.23526473526473524)
('UBE2T', 'RRM2', 0.39618276460381724)
('UBE2T', 'SFRP1', 0.0646458804353541)
('UBE2T', 'SLC39A6', 0.039171354960828644)
('UBE2T', 'TYMS', 0.40073084809926907)
('UBE2T', 'UBE2C', 0.5310478994689521)
('UBE2T', 'UBE2T', 0.7080025237919975)
