('ACTR3B', 'ACTR3B', 0.5716182379341207)
('ACTR3B', 'ANLN', 0.02023136591017786)
('ACTR3B', 'BAG1', 0.2721309328827758)
('ACTR3B', 'BCL2', 0.16246417725122375)
('ACTR3B', 'BIRC5', 0.12842589550895925)
('ACTR3B', 'BLVRA', -0.031854544862479184)
('ACTR3B', 'CCNB1', -0.27023083432036)
('ACTR3B', 'CCNE1', 0.2911057949128945)
('ACTR3B', 'CDC20', 0.2477848205883691)
('ACTR3B', 'CDH3', 0.22108445614792074)
('ACTR3B', 'CENPF', 0.043681726796418394)
('ACTR3B', 'CEP55', -0.032377434444034715)
('ACTR3B', 'CXXC5', -0.28543632331254815)
('ACTR3B', 'EGFR', 0.15783454170711494)
('ACTR3B', 'ERBB2', -0.3092480099909491)
('ACTR3B', 'ESR1', 0.21570212648943204)
('ACTR3B', 'EXO1', 0.12973953506993938)
('ACTR3B', 'FGFR4', -0.2725420353597293)
('ACTR3B', 'FOXA1', -0.33380440160405883)
('ACTR3B', 'FOXC1', 0.2278690686725296)
('ACTR3B', 'GRB7', -0.30749105643361235)
('ACTR3B', 'KIF2C', 0.23755686057044934)
('ACTR3B', 'KRT14', 0.04105186364165496)
('ACTR3B', 'KRT17', 0.04105186364165496)
('ACTR3B', 'KRT5', -0.4291216448626559)
('ACTR3B', 'MAPT', 0.015050837655023366)
('ACTR3B', 'MELK', 0.2506622153113079)
('ACTR3B', 'MKI67', -0.09648753825516575)
('ACTR3B', 'MLPH', 0.0315932138916172)
('ACTR3B', 'MMP11', 0.09736636284645353)
('ACTR3B', 'MYC', 0.10126848505639939)
('ACTR3B', 'NAT1', 0.048492895020158716)
('ACTR3B', 'NDC80', 0.04925532058566948)
('ACTR3B', 'NUF2', 0.22753294578618924)
('ACTR3B', 'PGR', 0.05060994853983491)
('ACTR3B', 'PHGDH', -0.011042098010306717)
('ACTR3B', 'RRM2', 0.09097781573040549)
('ACTR3B', 'SFRP1', 0.16911721239241032)
('ACTR3B', 'SLC39A6', 0.17373700266805822)
('ACTR3B', 'TYMS', 0.1371377495327832)
('ACTR3B', 'UBE2C', -0.10234636872392597)
('ACTR3B', 'UBE2T', 0.0026290191138775057)
('ANLN', 'ACTR3B', -0.15700605344107482)
('ANLN', 'ANLN', 0.04167214420744888)
('ANLN', 'BAG1', 0.028447482670321572)
('ANLN', 'BCL2', -0.19120237853550723)
('ANLN', 'BIRC5', 0.05980939862495031)
('ANLN', 'BLVRA', -0.0016170487074225915)
('ANLN', 'CCNB1', -0.3915895472865304)
('ANLN', 'CCNE1', 0.025396992358171694)
('ANLN', 'CDC20', 0.10225330722285308)
('ANLN', 'CDH3', 0.2728097272664217)
('ANLN', 'CENPF', -0.08096170789622054)
('ANLN', 'CEP55', -0.14780831217569076)
('ANLN', 'CXXC5', -0.3020410893916669)
('ANLN', 'EGFR', 0.06496904090592721)
('ANLN', 'ERBB2', 0.13468058872030478)
('ANLN', 'ESR1', 0.1147589471785448)
('ANLN', 'EXO1', -0.004942458478854834)
('ANLN', 'FGFR4', -0.3875165984147261)
('ANLN', 'FOXA1', -0.2539816099161317)
('ANLN', 'FOXC1', 0.3298803743664739)
('ANLN', 'GRB7', 0.1311577592105882)
('ANLN', 'KIF2C', 0.13107038737616933)
('ANLN', 'KRT14', -0.15455901783495968)
('ANLN', 'KRT17', -0.15455901783495968)
('ANLN', 'KRT5', -0.22730499258584916)
('ANLN', 'MAPT', -0.24591359899578788)
('ANLN', 'MELK', 0.048875714103599886)
('ANLN', 'MKI67', -0.1631217795924185)
('ANLN', 'MLPH', -0.16221444917789962)
('ANLN', 'MMP11', 0.052317824237732555)
('ANLN', 'MYC', 0.3396385146530695)
('ANLN', 'NAT1', 0.07687352943287834)
('ANLN', 'NDC80', 0.01254058602581497)
('ANLN', 'NUF2', 0.11878142573944225)
('ANLN', 'PGR', 0.12497370929044425)
('ANLN', 'PHGDH', 0.31038811692781215)
('ANLN', 'RRM2', 0.13699260692352963)
('ANLN', 'SFRP1', 0.029025324909634043)
('ANLN', 'SLC39A6', -0.10557520190883592)
('ANLN', 'TYMS', 0.027277686951737462)
('ANLN', 'UBE2C', 0.07073282945073794)
('ANLN', 'UBE2T', 0.013644609201024257)
('BAG1', 'ACTR3B', 0.2671626783436373)
('BAG1', 'ANLN', 0.03187853302935758)
('BAG1', 'BAG1', 0.379913238989045)
('BAG1', 'BCL2', -0.0952067949225896)
('BAG1', 'BIRC5', -0.19805455144662118)
('BAG1', 'BLVRA', 0.0028265485536248555)
('BAG1', 'CCNB1', 0.07582290472149811)
('BAG1', 'CCNE1', -0.015774529415013477)
('BAG1', 'CDC20', -0.08115320975657908)
('BAG1', 'CDH3', -0.12728228722755908)
('BAG1', 'CENPF', 0.29430941355552553)
('BAG1', 'CEP55', 0.18583832348165602)
('BAG1', 'CXXC5', 0.013699260692352961)
('BAG1', 'EGFR', -0.0963229791011187)
('BAG1', 'ERBB2', -0.10849745012537897)
('BAG1', 'ESR1', -0.15660061142474277)
('BAG1', 'EXO1', 0.04469244369177244)
('BAG1', 'FGFR4', 0.13658652071134422)
('BAG1', 'FOXA1', -0.05842102869913506)
('BAG1', 'FOXC1', -0.04795583030560679)
('BAG1', 'GRB7', -0.10557627191196439)
('BAG1', 'KIF2C', -0.08209975618497269)
('BAG1', 'KRT14', 0.06055905725171452)
('BAG1', 'KRT17', 0.06055905725171452)
('BAG1', 'KRT5', 0.12199963197948567)
('BAG1', 'MAPT', 0.09357809018874354)
('BAG1', 'MELK', 0.2433532058864554)
('BAG1', 'MKI67', 0.12522347267284864)
('BAG1', 'MLPH', -0.10106671754504018)
('BAG1', 'MMP11', -0.04479878015130466)
('BAG1', 'MYC', -0.30596122250425134)
('BAG1', 'NAT1', 0.14480827637356153)
('BAG1', 'NDC80', -0.03621521436176126)
('BAG1', 'NUF2', 0.13550231701219242)
('BAG1', 'PGR', -0.11724418987708765)
('BAG1', 'PHGDH', -0.1781064118352925)
('BAG1', 'RRM2', -0.18054889355862114)
('BAG1', 'SFRP1', 0.08014828169114074)
('BAG1', 'SLC39A6', -0.06273251942584547)
('BAG1', 'TYMS', -0.0726835330873043)
('BAG1', 'UBE2C', -0.07779165298075955)
('BAG1', 'UBE2T', 0.25845886908529764)
('BCL2', 'ACTR3B', 0.2141744498254715)
('BCL2', 'ANLN', -0.12098067606976405)
('BCL2', 'BAG1', -0.11760220885799294)
('BCL2', 'BCL2', 0.4593248008561666)
('BCL2', 'BIRC5', 0.00028918830104371584)
('BCL2', 'BLVRA', -0.06877058364656567)
('BCL2', 'CCNB1', 0.49910611069102634)
('BCL2', 'CCNE1', -0.08002944589883502)
('BCL2', 'CDC20', -0.12347172299267628)
('BCL2', 'CDH3', -0.30656588895188813)
('BCL2', 'CENPF', 0.03143033667476267)
('BCL2', 'CEP55', 0.10208816723198279)
('BCL2', 'CXXC5', 0.33670994778488644)
('BCL2', 'EGFR', -0.20188781084425822)
('BCL2', 'ERBB2', -0.08278821449144726)
('BCL2', 'ESR1', -0.2795885506919209)
('BCL2', 'EXO1', -0.0008149798555558504)
('BCL2', 'FGFR4', 0.39819111764645004)
('BCL2', 'FOXA1', 0.2531534090142313)
('BCL2', 'FOXC1', -0.39584593261031564)
('BCL2', 'GRB7', -0.0802184910351907)
('BCL2', 'KIF2C', -0.09447059214495016)
('BCL2', 'KRT14', 0.20428658752960607)
('BCL2', 'KRT17', 0.20428658752960607)
('BCL2', 'KRT5', 0.14297920450822815)
('BCL2', 'MAPT', 0.24256166571890495)
('BCL2', 'MELK', -0.058445783998011064)
('BCL2', 'MKI67', -0.04504942692104265)
('BCL2', 'MLPH', 0.07487933667151403)
('BCL2', 'MMP11', 0.01854785175865343)
('BCL2', 'MYC', -0.21691751562833628)
('BCL2', 'NAT1', -0.11276011208536772)
('BCL2', 'NDC80', 0.22203672805245353)
('BCL2', 'NUF2', -0.22015840175787726)
('BCL2', 'PGR', -0.4620228211245655)
('BCL2', 'PHGDH', -0.14120740098418424)
('BCL2', 'RRM2', -0.13168118531152329)
('BCL2', 'SFRP1', 0.012369941458317772)
('BCL2', 'SLC39A6', 0.38204787920241434)
('BCL2', 'TYMS', 0.20980813674685778)
('BCL2', 'UBE2C', -0.036740059155326625)
('BCL2', 'UBE2T', -0.055774640500911285)
('BIRC5', 'ACTR3B', -0.01932341749484092)
('BIRC5', 'ANLN', -0.0057972919859573995)
('BIRC5', 'BAG1', -0.0828841858763297)
('BIRC5', 'BCL2', -0.10535587607147655)
('BIRC5', 'BIRC5', 0.487242852490337)
('BIRC5', 'BLVRA', -0.16077145238269003)
('BIRC5', 'CCNB1', -0.3938899994928865)
('BIRC5', 'CCNE1', -0.02358292147544515)
('BIRC5', 'CDC20', 0.24949386275074642)
('BIRC5', 'CDH3', 0.24858363459262314)
('BIRC5', 'CENPF', -0.28016510478846374)
('BIRC5', 'CEP55', -0.25219694673520343)
('BIRC5', 'CXXC5', -0.35600986591960254)
('BIRC5', 'EGFR', 0.0345747829993097)
('BIRC5', 'ERBB2', -0.14812100325294397)
('BIRC5', 'ESR1', 0.14728055488985292)
('BIRC5', 'EXO1', -0.15475415870095205)
('BIRC5', 'FGFR4', -0.34685614523280234)
('BIRC5', 'FOXA1', -0.12269204789582076)
('BIRC5', 'FOXC1', 0.24811358036952372)
('BIRC5', 'GRB7', -0.15573914721152918)
('BIRC5', 'KIF2C', 0.255961930011436)
('BIRC5', 'KRT14', -0.1884337064691399)
('BIRC5', 'KRT17', -0.1884337064691399)
('BIRC5', 'KRT5', -0.36592002536504065)
('BIRC5', 'MAPT', -0.08352229035809473)
('BIRC5', 'MELK', 0.00040751671253673927)
('BIRC5', 'MKI67', -0.1955647284226296)
('BIRC5', 'MLPH', -0.13903907745557262)
('BIRC5', 'MMP11', 0.1207779319337404)
('BIRC5', 'MYC', 0.2797239566459215)
('BIRC5', 'NAT1', -0.013539626422001487)
('BIRC5', 'NDC80', -0.0017877564984390313)
('BIRC5', 'NUF2', -0.03608399885510945)
('BIRC5', 'PGR', 0.030983804859322298)
('BIRC5', 'PHGDH', 0.12536724848130376)
('BIRC5', 'RRM2', 0.10754314055993017)
('BIRC5', 'SFRP1', -0.05201685265734688)
('BIRC5', 'SLC39A6', 0.0006441520226040295)
('BIRC5', 'TYMS', 0.10640269792162074)
('BIRC5', 'UBE2C', 0.08594150510108245)
('BIRC5', 'UBE2T', -0.25634250869862624)
('BLVRA', 'ACTR3B', 0.004443071505616483)
('BLVRA', 'ANLN', 0.23194426258556086)
('BLVRA', 'BAG1', -0.22527934866973234)
('BLVRA', 'BCL2', -0.053769095724025336)
('BLVRA', 'BIRC5', 0.03384817614488946)
('BLVRA', 'BLVRA', 0.33980372309554246)
('BLVRA', 'CCNB1', 0.4855400153941148)
('BLVRA', 'CCNE1', -0.3354190771279032)
('BLVRA', 'CDC20', -0.2469171530290083)
('BLVRA', 'CDH3', -0.06763062767590536)
('BLVRA', 'CENPF', 0.1600567876837768)
('BLVRA', 'CEP55', 0.023845987040795363)
('BLVRA', 'CXXC5', 0.45583566864228586)
('BLVRA', 'EGFR', 0.1035140081127622)
('BLVRA', 'ERBB2', 0.21727134364467116)
('BLVRA', 'ESR1', -0.18249696032986684)
('BLVRA', 'EXO1', -0.10894440391688529)
('BLVRA', 'FGFR4', 0.5268769166111611)
('BLVRA', 'FOXA1', 0.4187672973021934)
('BLVRA', 'FOXC1', -0.2269357178085773)
('BLVRA', 'GRB7', 0.2119026182971909)
('BLVRA', 'KIF2C', -0.20187731881127952)
('BLVRA', 'KRT14', 0.12599491290594392)
('BLVRA', 'KRT17', 0.12599491290594392)
('BLVRA', 'KRT5', 0.3924336831284953)
('BLVRA', 'MAPT', 0.21022536822426963)
('BLVRA', 'MELK', -0.14286747199513813)
('BLVRA', 'MKI67', 0.04180250294978571)
('BLVRA', 'MLPH', 0.3561273352745326)
('BLVRA', 'MMP11', -0.1939965955026274)
('BLVRA', 'MYC', -0.19417679922808043)
('BLVRA', 'NAT1', -0.0629921260332341)
('BLVRA', 'NDC80', -0.06807934489276282)
('BLVRA', 'NUF2', -0.10965854952616504)
('BLVRA', 'PGR', -0.28699127182381184)
('BLVRA', 'PHGDH', -0.10797594411507068)
('BLVRA', 'RRM2', -0.045857026194747734)
('BLVRA', 'SFRP1', 0.0032337997861277058)
('BLVRA', 'SLC39A6', -0.09099633266255287)
('BLVRA', 'TYMS', -0.05042756970933248)
('BLVRA', 'UBE2C', 0.21512980613097513)
('BLVRA', 'UBE2T', 0.10332045117538599)
('CCNB1', 'ACTR3B', -0.03550513649902404)
('CCNB1', 'ANLN', -0.14101485517769846)
('CCNB1', 'BAG1', -0.09559616172762406)
('CCNB1', 'BCL2', -0.03331317568818587)
('CCNB1', 'BIRC5', 0.19170555374643414)
('CCNB1', 'BLVRA', -0.182108607278193)
('CCNB1', 'CCNB1', 0.029011988682445613)
('CCNB1', 'CCNE1', -0.05973288471818436)
('CCNB1', 'CDC20', 0.03532458684852227)
('CCNB1', 'CDH3', 0.0436805783803758)
('CCNB1', 'CENPF', -0.044431007093558274)
('CCNB1', 'CEP55', -0.05519807033313105)
('CCNB1', 'CXXC5', -0.003247329549914762)
('CCNB1', 'EGFR', -0.0267132924161967)
('CCNB1', 'ERBB2', 0.09055495746329553)
('CCNB1', 'ESR1', 0.12134476992040631)
('CCNB1', 'EXO1', 0.001511656183692303)
('CCNB1', 'FGFR4', 0.012199450550541618)
('CCNB1', 'FOXA1', -0.017641993815085338)
('CCNB1', 'FOXC1', 0.10859734488887546)
('CCNB1', 'GRB7', 0.08720602691768517)
('CCNB1', 'KIF2C', 0.07768253951913588)
('CCNB1', 'KRT14', -0.06466030011312865)
('CCNB1', 'KRT17', -0.06466030011312865)
('CCNB1', 'KRT5', -0.15692615090734832)
('CCNB1', 'MAPT', -0.045481133874568425)
('CCNB1', 'MELK', -0.03530935128624779)
('CCNB1', 'MKI67', -0.10423020310970153)
('CCNB1', 'MLPH', 0.0010390773927717563)
('CCNB1', 'MMP11', 0.09802362194491751)
('CCNB1', 'MYC', 0.32386460732341227)
('CCNB1', 'NAT1', 0.04500939890187678)
('CCNB1', 'NDC80', 0.05565706628228573)
('CCNB1', 'NUF2', -0.01307962800030379)
('CCNB1', 'PGR', -0.062375118395199124)
('CCNB1', 'PHGDH', 0.10100890608475811)
('CCNB1', 'RRM2', 0.005298274528808295)
('CCNB1', 'SFRP1', 0.03005067606133307)
('CCNB1', 'SLC39A6', 0.0731309735050248)
('CCNB1', 'TYMS', 0.1572509355743053)
('CCNB1', 'UBE2C', 0.2297601051792322)
('CCNB1', 'UBE2T', -0.08135499647893941)
('CCNE1', 'ACTR3B', 0.01648405818947654)
('CCNE1', 'ANLN', -0.07712633125082101)
('CCNE1', 'BAG1', 0.14239516279340259)
('CCNE1', 'BCL2', -0.1012410284035988)
('CCNE1', 'BIRC5', 0.16992441670873246)
('CCNE1', 'BLVRA', -0.12235668552830943)
('CCNE1', 'CCNB1', -0.5182721639302678)
('CCNE1', 'CCNE1', 0.29102692226581944)
('CCNE1', 'CDC20', 0.3066678963213543)
('CCNE1', 'CDH3', 0.4099507065750166)
('CCNE1', 'CENPF', -0.17828927491418073)
('CCNE1', 'CEP55', -0.06752857520869116)
('CCNE1', 'CXXC5', -0.41851109944306325)
('CCNE1', 'EGFR', -0.01118750582981466)
('CCNE1', 'ERBB2', -0.13044179001363507)
('CCNE1', 'ESR1', 0.238128101734174)
('CCNE1', 'EXO1', -0.010857634849824717)
('CCNE1', 'FGFR4', -0.5295192544998021)
('CCNE1', 'FOXA1', -0.29848097583570243)
('CCNE1', 'FOXC1', 0.2724332859795491)
('CCNE1', 'GRB7', -0.13325007221495094)
('CCNE1', 'KIF2C', 0.27998054563192365)
('CCNE1', 'KRT14', -0.1732380758672337)
('CCNE1', 'KRT17', -0.1732380758672337)
('CCNE1', 'KRT5', -0.45526723995016766)
('CCNE1', 'MAPT', -0.16601928347855469)
('CCNE1', 'MELK', 0.12581749857061716)
('CCNE1', 'MKI67', -0.13923651296985226)
('CCNE1', 'MLPH', -0.04418051851038392)
('CCNE1', 'MMP11', 0.11203638592416951)
('CCNE1', 'MYC', 0.24637528756647112)
('CCNE1', 'NAT1', -0.05597255272318673)
('CCNE1', 'NDC80', -0.12505093801213607)
('CCNE1', 'NUF2', 0.12602451622001248)
('CCNE1', 'PGR', 0.16719686635796369)
('CCNE1', 'PHGDH', 0.17039008858285198)
('CCNE1', 'RRM2', 0.23128348761984002)
('CCNE1', 'SFRP1', 0.024135188647684828)
('CCNE1', 'SLC39A6', -0.07640431745662488)
('CCNE1', 'TYMS', -0.0959254369575076)
('CCNE1', 'UBE2C', -0.0634768320790956)
('CCNE1', 'UBE2T', -0.11781949158842042)
('CDC20', 'ACTR3B', -0.09293643652280634)
('CDC20', 'ANLN', -0.12020507464760648)
('CDC20', 'BAG1', 0.036269225825978385)
('CDC20', 'BCL2', -0.043922383573097475)
('CDC20', 'BIRC5', 0.17690437070210577)
('CDC20', 'BLVRA', -0.21678970069429704)
('CDC20', 'CCNB1', -0.46707067053736984)
('CDC20', 'CCNE1', -0.03697812603702742)
('CDC20', 'CDC20', 0.4256172308228167)
('CDC20', 'CDH3', 0.32172198491113385)
('CDC20', 'CENPF', -0.2298450174647534)
('CDC20', 'CEP55', -0.14535009851713027)
('CDC20', 'CXXC5', -0.3965423234191459)
('CDC20', 'EGFR', -0.01609107771526809)
('CDC20', 'ERBB2', -0.12811176712208058)
('CDC20', 'ESR1', 0.0944756647619933)
('CDC20', 'EXO1', -0.09148806120433417)
('CDC20', 'FGFR4', -0.44541140469121887)
('CDC20', 'FOXA1', -0.1315919210797349)
('CDC20', 'FOXC1', 0.24176416533728462)
('CDC20', 'GRB7', -0.13078930157459978)
('CDC20', 'KIF2C', 0.44396971435111493)
('CDC20', 'KRT14', -0.3071068492667259)
('CDC20', 'KRT17', -0.3071068492667259)
('CDC20', 'KRT5', -0.4034755634067808)
('CDC20', 'MAPT', -0.2555881985714186)
('CDC20', 'MELK', 0.04813955488095288)
('CDC20', 'MKI67', -0.11406299311172662)
('CDC20', 'MLPH', -0.11085245906684003)
('CDC20', 'MMP11', 0.13283206379956974)
('CDC20', 'MYC', 0.3600394347994262)
('CDC20', 'NAT1', -0.04348454777085526)
('CDC20', 'NDC80', 0.033849066055003714)
('CDC20', 'NUF2', -0.039620099289362436)
('CDC20', 'PGR', 0.028341571182307547)
('CDC20', 'PHGDH', 0.23963981753320412)
('CDC20', 'RRM2', 0.09377814445158701)
('CDC20', 'SFRP1', 0.0023793404930451817)
('CDC20', 'SLC39A6', 0.04681276229577447)
('CDC20', 'TYMS', 0.15240010835252646)
('CDC20', 'UBE2C', 0.13697009531252358)
('CDC20', 'UBE2T', -0.23360149336358577)
('CDH3', 'ACTR3B', -0.11771510453489825)
('CDH3', 'ANLN', -0.20512685748045184)
('CDH3', 'BAG1', 0.16914683896443053)
('CDH3', 'BCL2', -0.05354560559509908)
('CDH3', 'BIRC5', 0.02097929674844411)
('CDH3', 'BLVRA', -0.14813743768485985)
('CDH3', 'CCNB1', -0.44565674685648904)
('CDH3', 'CCNE1', 0.18745399121507678)
('CDH3', 'CDC20', 0.18782373364526894)
('CDH3', 'CDH3', 0.38028261587248624)
('CDH3', 'CENPF', -0.12037122247210447)
('CDH3', 'CEP55', -0.01213332196177184)
('CDH3', 'CXXC5', -0.3045258881160956)
('CDH3', 'EGFR', -0.04906201146518016)
('CDH3', 'ERBB2', -0.20447596369782958)
('CDH3', 'ESR1', 0.11373360950615918)
('CDH3', 'EXO1', 0.06028221963837306)
('CDH3', 'FGFR4', -0.4620673355614088)
('CDH3', 'FOXA1', -0.34629314536287487)
('CDH3', 'FOXC1', 0.10897857270654612)
('CDH3', 'GRB7', -0.20115155084710054)
('CDH3', 'KIF2C', 0.1576657127183951)
('CDH3', 'KRT14', -0.22186146479149935)
('CDH3', 'KRT17', -0.22186146479149935)
('CDH3', 'KRT5', -0.2676210006971607)
('CDH3', 'MAPT', -0.23229554850617723)
('CDH3', 'MELK', 0.0999467601747364)
('CDH3', 'MKI67', -0.08285571575235827)
('CDH3', 'MLPH', -0.06757948916533271)
('CDH3', 'MMP11', 0.10161225662253082)
('CDH3', 'MYC', 0.1723299375765052)
('CDH3', 'NAT1', -0.013303011591325731)
('CDH3', 'NDC80', 0.024976009904662935)
('CDH3', 'NUF2', 0.14700450243959526)
('CDH3', 'PGR', 0.21908192269217883)
('CDH3', 'PHGDH', 0.2875677810398449)
('CDH3', 'RRM2', 0.14456532684559806)
('CDH3', 'SFRP1', 0.032180251530246444)
('CDH3', 'SLC39A6', 0.027277866263333894)
('CDH3', 'TYMS', 0.020468124618725412)
('CDH3', 'UBE2C', 0.026684193232670142)
('CDH3', 'UBE2T', -0.0825249099846149)
('CENPF', 'ACTR3B', -0.017325349835510432)
('CENPF', 'ANLN', -0.20980675758702969)
('CENPF', 'BAG1', 0.12330748033623676)
('CENPF', 'BCL2', 0.019141272218626135)
('CENPF', 'BIRC5', -0.002523825172745156)
('CENPF', 'BLVRA', -0.21544873347350757)
('CENPF', 'CCNB1', -0.3066962881513995)
('CENPF', 'CCNE1', 0.13901304046980625)
('CENPF', 'CDC20', 0.10663108445417348)
('CENPF', 'CDH3', 0.12753204076027866)
('CENPF', 'CENPF', 0.2419386643659586)
('CENPF', 'CEP55', -0.022334251368418587)
('CENPF', 'CXXC5', -0.26902876348139987)
('CENPF', 'EGFR', 0.010740531448834993)
('CENPF', 'ERBB2', 0.12199052054257302)
('CENPF', 'ESR1', 0.21512373087936837)
('CENPF', 'EXO1', 0.17652200774612123)
('CENPF', 'FGFR4', -0.3137546188467422)
('CENPF', 'FOXA1', -0.2999270409025127)
('CENPF', 'FOXC1', 0.22070461485768428)
('CENPF', 'GRB7', 0.11981452770265932)
('CENPF', 'KIF2C', 0.1479373188710164)
('CENPF', 'KRT14', 0.09551163663793306)
('CENPF', 'KRT17', 0.09551163663793306)
('CENPF', 'KRT5', -0.2478376318652325)
('CENPF', 'MAPT', -0.05039730268066339)
('CENPF', 'MELK', 0.019665967804998772)
('CENPF', 'MKI67', -0.11230150399371677)
('CENPF', 'MLPH', 0.10991860470118439)
('CENPF', 'MMP11', 0.06566018393655129)
('CENPF', 'MYC', 0.25460400922344234)
('CENPF', 'NAT1', 0.06508222370420327)
('CENPF', 'NDC80', 0.07319285428903329)
('CENPF', 'NUF2', 0.27681488083457007)
('CENPF', 'PGR', 0.00406194132436597)
('CENPF', 'PHGDH', 0.15402412188900452)
('CENPF', 'RRM2', 0.2132588365553334)
('CENPF', 'SFRP1', 0.0432487857575616)
('CENPF', 'SLC39A6', 0.116814997405294)
('CENPF', 'TYMS', 0.11436909709885104)
('CENPF', 'UBE2C', 0.10498849820164355)
('CENPF', 'UBE2T', 0.2324710151446185)
('CEP55', 'ACTR3B', -0.10353145319004564)
('CEP55', 'ANLN', -0.2007624562574635)
('CEP55', 'BAG1', -0.027369528151390713)
('CEP55', 'BCL2', -0.09314279784956467)
('CEP55', 'BIRC5', 0.09853434111925878)
('CEP55', 'BLVRA', -0.18763023701085552)
('CEP55', 'CCNB1', -0.4284099280294076)
('CEP55', 'CCNE1', 0.032640130447898714)
('CEP55', 'CDC20', 0.23739910283238375)
('CEP55', 'CDH3', 0.2582714426775876)
('CEP55', 'CENPF', -0.15398367369643245)
('CEP55', 'CEP55', 0.01957369057538274)
('CEP55', 'CXXC5', -0.3698668916103319)
('CEP55', 'EGFR', 0.042462566193068575)
('CEP55', 'ERBB2', -0.017442261758811833)
('CEP55', 'ESR1', 0.2717013378274162)
('CEP55', 'EXO1', 0.025224941013091563)
('CEP55', 'FGFR4', -0.45703243301738133)
('CEP55', 'FOXA1', -0.2034482088541436)
('CEP55', 'FOXC1', 0.27916392882945884)
('CEP55', 'GRB7', -0.015462061510227866)
('CEP55', 'KIF2C', 0.27418294875801286)
('CEP55', 'KRT14', -0.1405727280768038)
('CEP55', 'KRT17', -0.1405727280768038)
('CEP55', 'KRT5', -0.3975997056872646)
('CEP55', 'MAPT', -0.16060361089002226)
('CEP55', 'MELK', 0.014236793537977053)
('CEP55', 'MKI67', 0.01691818279760195)
('CEP55', 'MLPH', -0.1144563477455674)
('CEP55', 'MMP11', 0.045521765159615035)
('CEP55', 'MYC', 0.3194084785027841)
('CEP55', 'NAT1', 0.08249970429561294)
('CEP55', 'NDC80', -0.027184414990969973)
('CEP55', 'NUF2', 0.007650596478569654)
('CEP55', 'PGR', 0.09989220752057283)
('CEP55', 'PHGDH', 0.26468171837800686)
('CEP55', 'RRM2', 0.1081084651374457)
('CEP55', 'SFRP1', -0.006691073541215457)
('CEP55', 'SLC39A6', -0.019074787444866258)
('CEP55', 'TYMS', 0.05848598999917106)
('CEP55', 'UBE2C', 0.11476832074603101)
('CEP55', 'UBE2T', -0.12014617350420202)
('CXXC5', 'ACTR3B', 0.032928680833045246)
('CXXC5', 'ANLN', 0.07516760901520274)
('CXXC5', 'BAG1', -0.3126856852108451)
('CXXC5', 'BCL2', -0.09754686803722935)
('CXXC5', 'BIRC5', 0.13013473546967208)
('CXXC5', 'BLVRA', 0.09911325370129202)
('CXXC5', 'CCNB1', 0.6355820810132513)
('CXXC5', 'CCNE1', -0.27034914329097265)
('CXXC5', 'CDC20', -0.3018431388321814)
('CXXC5', 'CDH3', -0.35408478478248057)
('CXXC5', 'CENPF', 0.2022399538859154)
('CXXC5', 'CEP55', -0.007295767810166167)
('CXXC5', 'CXXC5', 0.5901594176766143)
('CXXC5', 'EGFR', -0.03382544359590261)
('CXXC5', 'ERBB2', 0.17225056235022856)
('CXXC5', 'ESR1', -0.29456110977970584)
('CXXC5', 'EXO1', 0.1051718358758445)
('CXXC5', 'FGFR4', 0.6739539131191995)
('CXXC5', 'FOXA1', 0.31613611569684963)
('CXXC5', 'FOXC1', -0.4481398725652783)
('CXXC5', 'GRB7', 0.17641225243073597)
('CXXC5', 'KIF2C', -0.2615097438000763)
('CXXC5', 'KRT14', 0.2820524617864203)
('CXXC5', 'KRT17', 0.2820524617864203)
('CXXC5', 'KRT5', 0.4958855852595752)
('CXXC5', 'MAPT', 0.27689597834329016)
('CXXC5', 'MELK', -0.20106348768546542)
('CXXC5', 'MKI67', 0.039318014566921085)
('CXXC5', 'MLPH', 0.1715529928344559)
('CXXC5', 'MMP11', -0.12172438503552852)
('CXXC5', 'MYC', -0.1189746960339396)
('CXXC5', 'NAT1', -0.04188082502960848)
('CXXC5', 'NDC80', -0.1027434175867608)
('CXXC5', 'NUF2', -0.03442768415356345)
('CXXC5', 'PGR', -0.232319381959611)
('CXXC5', 'PHGDH', -0.24082289946287982)
('CXXC5', 'RRM2', -0.17885291982607457)
('CXXC5', 'SFRP1', 0.1498590144790888)
('CXXC5', 'SLC39A6', -0.10494419584587687)
('CXXC5', 'TYMS', -0.16048482038882456)
('CXXC5', 'UBE2C', 0.23392704569881662)
('CXXC5', 'UBE2T', 0.18320319695055398)
('EGFR', 'ACTR3B', 0.009490821381819827)
('EGFR', 'ANLN', -0.1490600767092312)
('EGFR', 'BAG1', 0.23863546807502192)
('EGFR', 'BCL2', -0.11365130379809268)
('EGFR', 'BIRC5', 0.026079526785033277)
('EGFR', 'BLVRA', -0.21692116806888423)
('EGFR', 'CCNB1', -0.4774555690689204)
('EGFR', 'CCNE1', 0.17093017165285018)
('EGFR', 'CDC20', 0.12005363866792161)
('EGFR', 'CDH3', 0.2127242852632024)
('EGFR', 'CENPF', -0.16204172320777896)
('EGFR', 'CEP55', 0.02497650241318147)
('EGFR', 'CXXC5', -0.4351421596885781)
('EGFR', 'EGFR', 0.03219530173585911)
('EGFR', 'ERBB2', -0.2026461717095467)
('EGFR', 'ESR1', 0.09360807134689779)
('EGFR', 'EXO1', 0.06505379524428877)
('EGFR', 'FGFR4', -0.49252652405882785)
('EGFR', 'FOXA1', -0.383430725487775)
('EGFR', 'FOXC1', 0.057079006356070355)
('EGFR', 'GRB7', -0.2040597343311519)
('EGFR', 'KIF2C', 0.05892251516750161)
('EGFR', 'KRT14', -0.22100703919537143)
('EGFR', 'KRT17', -0.22100703919537143)
('EGFR', 'KRT5', -0.37618634500473236)
('EGFR', 'MAPT', -0.3012927946644459)
('EGFR', 'MELK', 0.20716309267311203)
('EGFR', 'MKI67', 0.03445420133062527)
('EGFR', 'MLPH', 0.01883492185378677)
('EGFR', 'MMP11', 0.059219044771604314)
('EGFR', 'MYC', -0.05445941505564157)
('EGFR', 'NAT1', 0.20008412987309185)
('EGFR', 'NDC80', -0.05368527602665445)
('EGFR', 'NUF2', 0.0969732821690865)
('EGFR', 'PGR', 0.31104742918170736)
('EGFR', 'PHGDH', 0.00832100957205256)
('EGFR', 'RRM2', 0.19269679843360596)
('EGFR', 'SFRP1', -0.02366194965459297)
('EGFR', 'SLC39A6', -0.07585218715153572)
('EGFR', 'TYMS', -0.12113922181217385)
('EGFR', 'UBE2C', -0.32953006903931414)
('EGFR', 'UBE2T', -0.06149275707359486)
('ERBB2', 'ACTR3B', -0.09890434913685925)
('ERBB2', 'ANLN', 0.20206388915227028)
('ERBB2', 'BAG1', -0.025660575865280824)
('ERBB2', 'BCL2', -0.12101333157448736)
('ERBB2', 'BIRC5', -0.21503779167155213)
('ERBB2', 'BLVRA', 0.2801175350329525)
('ERBB2', 'CCNB1', 0.1728099697414726)
('ERBB2', 'CCNE1', -0.06497791574867634)
('ERBB2', 'CDC20', -0.33883732840856456)
('ERBB2', 'CDH3', -0.11846204404572575)
('ERBB2', 'CENPF', 0.21032429393400365)
('ERBB2', 'CEP55', 0.0832506262014096)
('ERBB2', 'CXXC5', 0.14460476809519215)
('ERBB2', 'EGFR', 0.20972300881672537)
('ERBB2', 'ERBB2', 0.8161003907453128)
('ERBB2', 'ESR1', -0.09055834903928925)
('ERBB2', 'EXO1', 0.004850444624195303)
('ERBB2', 'FGFR4', 0.19090562596440236)
('ERBB2', 'FOXA1', 0.014605257174783766)
('ERBB2', 'FOXC1', -0.0037991323898904496)
('ERBB2', 'GRB7', 0.815067768410216)
('ERBB2', 'KIF2C', -0.29842505450742673)
('ERBB2', 'KRT14', 0.27595317753098386)
('ERBB2', 'KRT17', 0.27595317753098386)
('ERBB2', 'KRT5', 0.3178484108677905)
('ERBB2', 'MAPT', 0.03104810352940191)
('ERBB2', 'MELK', -0.1352298200601754)
('ERBB2', 'MKI67', 0.04006730471413423)
('ERBB2', 'MLPH', 0.013508006106032831)
('ERBB2', 'MMP11', -0.06271566317543267)
('ERBB2', 'MYC', 0.10951035163614528)
('ERBB2', 'NAT1', -0.04080291302319671)
('ERBB2', 'NDC80', -0.007676836728591135)
('ERBB2', 'NUF2', 0.0677643038608704)
('ERBB2', 'PGR', -0.008978336325378504)
('ERBB2', 'PHGDH', -0.05085937762128177)
('ERBB2', 'RRM2', 0.10287592602462757)
('ERBB2', 'SFRP1', 0.06909289299141147)
('ERBB2', 'SLC39A6', -0.22482220184845125)
('ERBB2', 'TYMS', -0.12370266709197567)
('ERBB2', 'UBE2C', 0.03417679921425732)
('ERBB2', 'UBE2T', 0.23180061527057969)
('ESR1', 'ACTR3B', 0.11671607070523302)
('ESR1', 'ANLN', 0.10431181838678448)
('ESR1', 'BAG1', -0.26923885978320516)
('ESR1', 'BCL2', 0.1809086861267268)
('ESR1', 'BIRC5', 0.09261912587063732)
('ESR1', 'BLVRA', 0.14859757349591507)
('ESR1', 'CCNB1', 0.6237117476284536)
('ESR1', 'CCNE1', -0.1337417185569559)
('ESR1', 'CDC20', -0.3464359927920576)
('ESR1', 'CDH3', -0.3757739073607592)
('ESR1', 'CENPF', 0.2592378375420304)
('ESR1', 'CEP55', -0.04402437188512881)
('ESR1', 'CXXC5', 0.5364404357294414)
('ESR1', 'EGFR', -0.026765877637488427)
('ESR1', 'ERBB2', 0.09079190894379262)
('ESR1', 'ESR1', -0.10818626979145748)
('ESR1', 'EXO1', 0.07529362278425662)
('ESR1', 'FGFR4', 0.6177286437176193)
('ESR1', 'FOXA1', 0.3169511705526882)
('ESR1', 'FOXC1', -0.3207177609555616)
('ESR1', 'GRB7', 0.09504891088372414)
('ESR1', 'KIF2C', -0.29895091363431203)
('ESR1', 'KRT14', 0.3473305773305953)
('ESR1', 'KRT17', 0.3473305773305953)
('ESR1', 'KRT5', 0.3363961407161963)
('ESR1', 'MAPT', 0.40505813304763755)
('ESR1', 'MELK', -0.24565370345722728)
('ESR1', 'MKI67', -0.048427805304091374)
('ESR1', 'MLPH', 0.09744967598792331)
('ESR1', 'MMP11', -0.13204335288141295)
('ESR1', 'MYC', -0.2174170226937754)
('ESR1', 'NAT1', -0.0532777727071573)
('ESR1', 'NDC80', 0.07661062406546083)
('ESR1', 'NUF2', -0.021334910798485478)
('ESR1', 'PGR', -0.25778210152367853)
('ESR1', 'PHGDH', -0.20748627975557288)
('ESR1', 'RRM2', -0.1463664772437289)
('ESR1', 'SFRP1', 0.04603563760576921)
('ESR1', 'SLC39A6', 0.13414137221737785)
('ESR1', 'TYMS', 0.09670104347806302)
('ESR1', 'UBE2C', 0.1944134078380253)
('ESR1', 'UBE2T', 0.20867839216402706)
('EXO1', 'ACTR3B', -0.101572821076623)
('EXO1', 'ANLN', -0.15788089966292146)
('EXO1', 'BAG1', -0.10666491422688966)
('EXO1', 'BCL2', -0.0806930830205544)
('EXO1', 'BIRC5', 0.16336510024415)
('EXO1', 'BLVRA', -0.254718038262705)
('EXO1', 'CCNB1', -0.3012277846208615)
('EXO1', 'CCNE1', 0.1118151226700872)
('EXO1', 'CDC20', 0.21056714088305964)
('EXO1', 'CDH3', 0.2186000657434997)
('EXO1', 'CENPF', -0.03457205581540185)
('EXO1', 'CEP55', -0.1860092153402725)
('EXO1', 'CXXC5', -0.27994084253576934)
('EXO1', 'EGFR', 0.010740531448834993)
('EXO1', 'ERBB2', -0.07732516646887601)
('EXO1', 'ESR1', 0.2985704429858292)
('EXO1', 'EXO1', 0.31661967388344786)
('EXO1', 'FGFR4', -0.3433987578461726)
('EXO1', 'FOXA1', -0.13044821507234858)
('EXO1', 'FOXC1', 0.2232548975000329)
('EXO1', 'GRB7', -0.08140281915086772)
('EXO1', 'KIF2C', 0.24745615863406575)
('EXO1', 'KRT14', -0.11638591120179732)
('EXO1', 'KRT17', -0.11638591120179732)
('EXO1', 'KRT5', -0.2645844836206322)
('EXO1', 'MAPT', -0.04500791976489083)
('EXO1', 'MELK', -0.014644310250513791)
('EXO1', 'MKI67', -0.1737170051828359)
('EXO1', 'MLPH', -0.16614715981636488)
('EXO1', 'MMP11', 0.1721755934336234)
('EXO1', 'MYC', 0.35865921790808114)
('EXO1', 'NAT1', 0.036057471141310755)
('EXO1', 'NDC80', -0.09753789131189419)
('EXO1', 'NUF2', 0.11945183883292518)
('EXO1', 'PGR', 0.09199179737188691)
('EXO1', 'PHGDH', 0.16151697411028407)
('EXO1', 'RRM2', 0.09254231863097169)
('EXO1', 'SFRP1', -0.060863792722647476)
('EXO1', 'SLC39A6', 0.016011778847585874)
('EXO1', 'TYMS', -0.035835650424306656)
('EXO1', 'UBE2C', 0.134419980294229)
('EXO1', 'UBE2T', -0.012369534930793668)
('FGFR4', 'ACTR3B', -0.20765443956870883)
('FGFR4', 'ANLN', 0.1154725913937637)
('FGFR4', 'BAG1', 0.09370316842608695)
('FGFR4', 'BCL2', 0.018707438438945737)
('FGFR4', 'BIRC5', 0.0017088399607128662)
('FGFR4', 'BLVRA', 0.11298306172024189)
('FGFR4', 'CCNB1', -0.20802660666049022)
('FGFR4', 'CCNE1', -0.026146282505384835)
('FGFR4', 'CDC20', -0.084991981382842)
('FGFR4', 'CDH3', 0.12972724286365597)
('FGFR4', 'CENPF', -0.11227373715564533)
('FGFR4', 'CEP55', 0.010345530210091481)
('FGFR4', 'CXXC5', -0.14535415183748018)
('FGFR4', 'EGFR', 0.15244455652471306)
('FGFR4', 'ERBB2', 0.23472676937462172)
('FGFR4', 'ESR1', 0.15022511435926805)
('FGFR4', 'EXO1', -0.25198651340331696)
('FGFR4', 'FGFR4', -0.12401898329074314)
('FGFR4', 'FOXA1', 0.14481684341801795)
('FGFR4', 'FOXC1', 0.1958459319881935)
('FGFR4', 'GRB7', 0.23016758968118772)
('FGFR4', 'KIF2C', -0.09687639765045054)
('FGFR4', 'KRT14', -0.19049747290901817)
('FGFR4', 'KRT17', -0.19049747290901817)
('FGFR4', 'KRT5', 0.008925519891614133)
('FGFR4', 'MAPT', -0.16822761599038347)
('FGFR4', 'MELK', 0.04302587742363702)
('FGFR4', 'MKI67', 0.00599432117770512)
('FGFR4', 'MLPH', 0.05443976365420632)
('FGFR4', 'MMP11', 0.14033796270402835)
('FGFR4', 'MYC', 0.2739664804705966)
('FGFR4', 'NAT1', -0.002353003038386666)
('FGFR4', 'NDC80', -0.16352713853368783)
('FGFR4', 'NUF2', -0.15535180272119617)
('FGFR4', 'PGR', -0.07557314133909372)
('FGFR4', 'PHGDH', 0.0014328436703850383)
('FGFR4', 'RRM2', 0.36621200248127805)
('FGFR4', 'SFRP1', -0.00395680380335138)
('FGFR4', 'SLC39A6', -0.06880595278182632)
('FGFR4', 'TYMS', -0.12063967862944322)
('FGFR4', 'UBE2C', 0.23578047981005135)
('FGFR4', 'UBE2T', -0.06902489683485391)
('FOXA1', 'ACTR3B', 0.019901805501489216)
('FOXA1', 'ANLN', 0.13289075892526833)
('FOXA1', 'BAG1', -0.16467727144691233)
('FOXA1', 'BCL2', 0.030368364577628003)
('FOXA1', 'BIRC5', -0.10278015117549154)
('FOXA1', 'BLVRA', 0.16925109804356459)
('FOXA1', 'CCNB1', 0.6460589976330561)
('FOXA1', 'CCNE1', -0.27250499564435776)
('FOXA1', 'CDC20', -0.4203060536412749)
('FOXA1', 'CDH3', -0.36611238912134414)
('FOXA1', 'CENPF', 0.3419084303264647)
('FOXA1', 'CEP55', 0.09614638876316277)
('FOXA1', 'CXXC5', 0.5220443796275924)
('FOXA1', 'EGFR', 0.028409165802854856)
('FOXA1', 'ERBB2', 0.3478842652831097)
('FOXA1', 'ESR1', -0.14568996696217779)
('FOXA1', 'EXO1', 0.13774474042531865)
('FOXA1', 'FGFR4', 0.6302041594207054)
('FOXA1', 'FOXA1', 0.30660523230196374)
('FOXA1', 'FOXC1', -0.19855396407233689)
('FOXA1', 'GRB7', 0.34638965543296013)
('FOXA1', 'KIF2C', -0.39048984114687646)
('FOXA1', 'KRT14', 0.25455310260027164)
('FOXA1', 'KRT17', 0.25455310260027164)
('FOXA1', 'KRT5', 0.4925467309849507)
('FOXA1', 'MAPT', 0.22241063154846757)
('FOXA1', 'MELK', -0.13404670702377838)
('FOXA1', 'MKI67', 0.09262277854848745)
('FOXA1', 'MLPH', 0.1223349219008874)
('FOXA1', 'MMP11', -0.10623936067571722)
('FOXA1', 'MYC', -0.16360170885409483)
('FOXA1', 'NAT1', 0.02931394846705176)
('FOXA1', 'NDC80', -0.06535827433999164)
('FOXA1', 'NUF2', 0.022846626597515567)
('FOXA1', 'PGR', -0.2052266276893253)
('FOXA1', 'PHGDH', -0.211784810766728)
('FOXA1', 'RRM2', -0.1600394437696858)
('FOXA1', 'SFRP1', 0.07210321880857913)
('FOXA1', 'SLC39A6', -0.016800536426284686)
('FOXA1', 'TYMS', -0.04126489606819464)
('FOXA1', 'UBE2C', 0.0603483404587136)
('FOXA1', 'UBE2T', 0.2858532482519012)
('FOXC1', 'ACTR3B', 0.03898860972088311)
('FOXC1', 'ANLN', -0.12121730023245618)
('FOXC1', 'BAG1', 0.34255291285731954)
('FOXC1', 'BCL2', -0.12274866669320894)
('FOXC1', 'BIRC5', -0.07446598751875681)
('FOXC1', 'BLVRA', -0.1554207302369909)
('FOXC1', 'CCNB1', -0.5168261654005581)
('FOXC1', 'CCNE1', 0.22863865842944112)
('FOXC1', 'CDC20', 0.2457602629498606)
('FOXC1', 'CDH3', 0.36778179431373287)
('FOXC1', 'CENPF', -0.09573698954508429)
('FOXC1', 'CEP55', -0.018982141834017915)
('FOXC1', 'CXXC5', -0.4174724798704184)
('FOXC1', 'EGFR', -0.1027646687093551)
('FOXC1', 'ERBB2', -0.30932699381778145)
('FOXC1', 'ESR1', 0.11943869347815098)
('FOXC1', 'EXO1', 0.10053170863372811)
('FOXC1', 'FGFR4', -0.552919062667867)
('FOXC1', 'FOXA1', -0.34948763455591936)
('FOXC1', 'FOXC1', 0.24752201996279338)
('FOXC1', 'GRB7', -0.312688940941306)
('FOXC1', 'KIF2C', 0.1890989420279659)
('FOXC1', 'KRT14', -0.2761240626502095)
('FOXC1', 'KRT17', -0.2761240626502095)
('FOXC1', 'KRT5', -0.415897678719852)
('FOXC1', 'MAPT', -0.3180261713761007)
('FOXC1', 'MELK', 0.2716427531567478)
('FOXC1', 'MKI67', -0.027289935887973314)
('FOXC1', 'MLPH', -0.054821197127502275)
('FOXC1', 'MMP11', 0.05323798697558212)
('FOXC1', 'MYC', -0.02004600723143939)
('FOXC1', 'NAT1', 0.14946170137685136)
('FOXC1', 'NDC80', -0.0016431585463594035)
('FOXC1', 'NUF2', 0.21890959305433066)
('FOXC1', 'PGR', 0.3024766015328834)
('FOXC1', 'PHGDH', 0.0989976668043094)
('FOXC1', 'RRM2', 0.1442497968488452)
('FOXC1', 'SFRP1', 0.04338024103342045)
('FOXC1', 'SLC39A6', -0.04904757543542109)
('FOXC1', 'TYMS', -0.021809003688160217)
('FOXC1', 'UBE2C', -0.22084784753797587)
('FOXC1', 'UBE2T', -0.05791729107872146)
('GRB7', 'ACTR3B', -0.18391424093219003)
('GRB7', 'ANLN', 0.0866964640530364)
('GRB7', 'BAG1', 0.18964112061093297)
('GRB7', 'BCL2', -0.11099571520732177)
('GRB7', 'BIRC5', -0.1774696023814185)
('GRB7', 'BLVRA', 0.15659078987081698)
('GRB7', 'CCNB1', -0.1156141551708696)
('GRB7', 'CCNE1', 0.11407613855290577)
('GRB7', 'CDC20', -0.15694265641892774)
('GRB7', 'CDH3', 0.03394019060431246)
('GRB7', 'CENPF', 0.06219026466261072)
('GRB7', 'CEP55', 0.04671920504023524)
('GRB7', 'CXXC5', -0.10870008388135727)
('GRB7', 'EGFR', 0.15533674369575795)
('GRB7', 'ERBB2', 0.6674528286468199)
('GRB7', 'ESR1', 0.04140786753865019)
('GRB7', 'EXO1', 0.020032730643018)
('GRB7', 'FGFR4', -0.10706069534871869)
('GRB7', 'FOXA1', -0.24730341851668064)
('GRB7', 'FOXC1', 0.1396345475619943)
('GRB7', 'GRB7', 0.6656318786143457)
('GRB7', 'KIF2C', -0.13341046049080907)
('GRB7', 'KRT14', 0.06912960323133636)
('GRB7', 'KRT17', 0.06912960323133636)
('GRB7', 'KRT5', 0.0814995925302027)
('GRB7', 'MAPT', -0.16774125704432594)
('GRB7', 'MELK', 0.04554985190128392)
('GRB7', 'MKI67', -0.09350352310749238)
('GRB7', 'MLPH', -0.05113839117843783)
('GRB7', 'MMP11', 0.15615161661307164)
('GRB7', 'MYC', 0.24995070656119345)
('GRB7', 'NAT1', -0.06786902059882881)
('GRB7', 'NDC80', 0.018219341962033068)
('GRB7', 'NUF2', 0.09874790506360007)
('GRB7', 'PGR', 0.12358029252545141)
('GRB7', 'PHGDH', 0.1137861909252559)
('GRB7', 'RRM2', 0.1273557949393696)
('GRB7', 'SFRP1', 0.011436608999719936)
('GRB7', 'SLC39A6', -0.20794278966429666)
('GRB7', 'TYMS', -0.08051847353223708)
('GRB7', 'UBE2C', 0.05456457443783928)
('GRB7', 'UBE2T', 0.05221231960160727)
('KIF2C', 'ACTR3B', -0.051976049506531286)
('KIF2C', 'ANLN', -0.1266202186139267)
('KIF2C', 'BAG1', -0.08823452111053529)
('KIF2C', 'BCL2', -0.049733126925180414)
('KIF2C', 'BIRC5', 0.23308577064123492)
('KIF2C', 'BLVRA', -0.2006586538324473)
('KIF2C', 'CCNB1', -0.42090388111609706)
('KIF2C', 'CCNE1', -0.011673151767109972)
('KIF2C', 'CDC20', 0.43886888082032716)
('KIF2C', 'CDH3', 0.21774564576314326)
('KIF2C', 'CENPF', -0.21463594195965074)
('KIF2C', 'CEP55', -0.15164680623076918)
('KIF2C', 'CXXC5', -0.3782941719402727)
('KIF2C', 'EGFR', 0.024386396374037837)
('KIF2C', 'ERBB2', -0.1405385558770378)
('KIF2C', 'ESR1', 0.12740477847130083)
('KIF2C', 'EXO1', -0.038356632556644704)
('KIF2C', 'FGFR4', -0.3997423408845577)
('KIF2C', 'FOXA1', -0.16052636846200227)
('KIF2C', 'FOXC1', 0.17109241541323256)
('KIF2C', 'GRB7', -0.14207989627738743)
('KIF2C', 'KIF2C', 0.4801225293244816)
('KIF2C', 'KRT14', -0.18999796256051263)
('KIF2C', 'KRT17', -0.18999796256051263)
('KIF2C', 'KRT5', -0.3696400874111774)
('KIF2C', 'MAPT', -0.10543473260344315)
('KIF2C', 'MELK', -0.026199380905991013)
('KIF2C', 'MKI67', -0.12740561590859217)
('KIF2C', 'MLPH', -0.12437361805126239)
('KIF2C', 'MMP11', 0.12318350023411855)
('KIF2C', 'MYC', 0.37315806772859106)
('KIF2C', 'NAT1', -0.03110170496549079)
('KIF2C', 'NDC80', 0.02437132755960267)
('KIF2C', 'NUF2', -0.07287784686802433)
('KIF2C', 'PGR', 0.018285308680236454)
('KIF2C', 'PHGDH', 0.24662000091829084)
('KIF2C', 'RRM2', 0.11261791467437186)
('KIF2C', 'SFRP1', -0.0028394339585511566)
('KIF2C', 'SLC39A6', 0.05249181686240591)
('KIF2C', 'TYMS', 0.09976403194059547)
('KIF2C', 'UBE2C', 0.17156753205557174)
('KIF2C', 'UBE2T', -0.2012382680717537)
('KRT14', 'ACTR3B', 0.14924536561602014)
('KRT14', 'ANLN', -0.23675612143444333)
('KRT14', 'BAG1', 0.2042956366930315)
('KRT14', 'BCL2', -0.0946404165258152)
('KRT14', 'BIRC5', 0.03580363368254837)
('KRT14', 'BLVRA', -0.21355281141423957)
('KRT14', 'CCNB1', -0.23364230478158107)
('KRT14', 'CCNE1', 0.1271019606526834)
('KRT14', 'CDC20', 0.05211922389430909)
('KRT14', 'CDH3', 0.13719941490571036)
('KRT14', 'CENPF', -0.19012399704289198)
('KRT14', 'CEP55', 0.20385396269378186)
('KRT14', 'CXXC5', -0.27075400569275393)
('KRT14', 'EGFR', -0.2857377238094331)
('KRT14', 'ERBB2', -0.2772612514508504)
('KRT14', 'ESR1', 0.004183385402586593)
('KRT14', 'EXO1', -0.05371191874300965)
('KRT14', 'FGFR4', -0.31617516516831584)
('KRT14', 'FOXA1', -0.10962088014873113)
('KRT14', 'FOXC1', -0.11797276644744488)
('KRT14', 'GRB7', -0.2836713341555446)
('KRT14', 'KIF2C', -0.0038009297593436337)
('KRT14', 'KRT14', -0.2576658601178586)
('KRT14', 'KRT17', -0.2576658601178586)
('KRT14', 'KRT5', -0.2535681085871523)
('KRT14', 'MAPT', -0.21415047266715354)
('KRT14', 'MELK', 0.25754499727601926)
('KRT14', 'MKI67', 0.06335274665639828)
('KRT14', 'MLPH', -0.027905837265560778)
('KRT14', 'MMP11', 0.08432219612710563)
('KRT14', 'MYC', -0.019426102887705705)
('KRT14', 'NAT1', 0.15057350279933934)
('KRT14', 'NDC80', 0.04197027906246339)
('KRT14', 'NUF2', 0.008640194687695186)
('KRT14', 'PGR', 0.11047767495260133)
('KRT14', 'PHGDH', -0.03721299041124414)
('KRT14', 'RRM2', 0.11157219909367094)
('KRT14', 'SFRP1', 0.0376919975284526)
('KRT14', 'SLC39A6', -0.06053894453711418)
('KRT14', 'TYMS', -0.05560302714607634)
('KRT14', 'UBE2C', -0.09739025824913121)
('KRT14', 'UBE2T', -0.19213102210932922)
('KRT17', 'ACTR3B', 0.08545682798228627)
('KRT17', 'ANLN', -0.26549231054057965)
('KRT17', 'BAG1', 0.21691862825461006)
('KRT17', 'BCL2', -0.10089921997112335)
('KRT17', 'BIRC5', -0.026552744004922996)
('KRT17', 'BLVRA', -0.17138086951187725)
('KRT17', 'CCNB1', -0.42287569729297375)
('KRT17', 'CCNE1', 0.09204437913660363)
('KRT17', 'CDC20', 0.167420399522118)
('KRT17', 'CDH3', 0.20627012818081766)
('KRT17', 'CENPF', -0.24509352877496865)
('KRT17', 'CEP55', 0.09821023659414671)
('KRT17', 'CXXC5', -0.4182875990286966)
('KRT17', 'EGFR', -0.2021638832560398)
('KRT17', 'ERBB2', -0.2500101398666825)
('KRT17', 'ESR1', 0.014354727413398735)
('KRT17', 'EXO1', -0.03474180255216311)
('KRT17', 'FGFR4', -0.4906860897085306)
('KRT17', 'FOXA1', -0.25743902003041447)
('KRT17', 'FOXC1', 0.021138425200497725)
('KRT17', 'GRB7', -0.252656664677766)
('KRT17', 'KIF2C', 0.11617542760714228)
('KRT17', 'KRT14', -0.24787543794130248)
('KRT17', 'KRT17', -0.24787543794130248)
('KRT17', 'KRT5', -0.3701396010428141)
('KRT17', 'MAPT', -0.2019178316321519)
('KRT17', 'MELK', 0.26612155898689516)
('KRT17', 'MKI67', -0.04707382486263605)
('KRT17', 'MLPH', -0.049428516987800764)
('KRT17', 'MMP11', 0.061795500437583105)
('KRT17', 'MYC', 0.053486690770312706)
('KRT17', 'NAT1', 0.036280940703615636)
('KRT17', 'NDC80', -0.006480617306841488)
('KRT17', 'NUF2', 0.025068191554351086)
('KRT17', 'PGR', 0.16894521003479435)
('KRT17', 'PHGDH', 0.08590489344923141)
('KRT17', 'RRM2', 0.21202301073471808)
('KRT17', 'SFRP1', -0.013829095020351002)
('KRT17', 'SLC39A6', -0.047364892600863635)
('KRT17', 'TYMS', -0.06458567517777646)
('KRT17', 'UBE2C', -0.16465330267607198)
('KRT17', 'UBE2T', -0.22746273373268183)
('KRT5', 'ACTR3B', 0.1072015363955408)
('KRT5', 'ANLN', -0.31540387630188416)
('KRT5', 'BAG1', 0.1844823177972502)
('KRT5', 'BCL2', -0.03849765297175803)
('KRT5', 'BIRC5', 0.04866356563174609)
('KRT5', 'BLVRA', -0.17150743238720823)
('KRT5', 'CCNB1', -0.2287327874421136)
('KRT5', 'CCNE1', 0.149012746343438)
('KRT5', 'CDC20', 0.14625124632286496)
('KRT5', 'CDH3', 0.12983114981612)
('KRT5', 'CENPF', -0.20507130423011097)
('KRT5', 'CEP55', 0.15308125664933042)
('KRT5', 'CXXC5', -0.22258897922904158)
('KRT5', 'EGFR', -0.1648432956563256)
('KRT5', 'ERBB2', -0.16499757058617145)
('KRT5', 'ESR1', 0.1219833136874314)
('KRT5', 'EXO1', -0.05623084090356238)
('KRT5', 'FGFR4', -0.30323076416838646)
('KRT5', 'FOXA1', -0.18108617665405383)
('KRT5', 'FOXC1', -0.1152018668662964)
('KRT5', 'GRB7', -0.16835086280753744)
('KRT5', 'KIF2C', 0.1246265484229861)
('KRT5', 'KRT14', -0.11260553214936374)
('KRT5', 'KRT17', -0.11260553214936374)
('KRT5', 'KRT5', -0.2615579391652878)
('KRT5', 'MAPT', -0.04620232007456884)
('KRT5', 'MELK', 0.23862464419469454)
('KRT5', 'MKI67', 0.02404102625443254)
('KRT5', 'MLPH', 0.08527751613044018)
('KRT5', 'MMP11', 0.04374266512954989)
('KRT5', 'MYC', -0.08883483407490628)
('KRT5', 'NAT1', 0.0931760957930578)
('KRT5', 'NDC80', 0.08639059996202139)
('KRT5', 'NUF2', -0.075679443593835)
('KRT5', 'PGR', 0.17059292163728004)
('KRT5', 'PHGDH', 0.07459830868535162)
('KRT5', 'RRM2', 0.15200427058799512)
('KRT5', 'SFRP1', 0.09922399035915115)
('KRT5', 'SLC39A6', 0.020755978649855775)
('KRT5', 'TYMS', 0.023800209224929383)
('KRT5', 'UBE2C', -0.13203601759540112)
('KRT5', 'UBE2T', -0.2135749696425653)
('MAPT', 'ACTR3B', 0.28509270654973456)
('MAPT', 'ANLN', 0.025069015458550475)
('MAPT', 'BAG1', -0.11845668500104789)
('MAPT', 'BCL2', 0.1109299828164611)
('MAPT', 'BIRC5', -0.1001774564660981)
('MAPT', 'BLVRA', 0.07126846376372252)
('MAPT', 'CCNB1', 0.5201519620188901)
('MAPT', 'CCNE1', 0.059614575747571764)
('MAPT', 'CDC20', -0.29156259290157316)
('MAPT', 'CDH3', -0.37752218208979627)
('MAPT', 'CENPF', 0.2796655845903705)
('MAPT', 'CEP55', 0.13077170842438382)
('MAPT', 'CXXC5', 0.40385210167725366)
('MAPT', 'EGFR', -0.11667345974101659)
('MAPT', 'ERBB2', 0.23493739291284135)
('MAPT', 'ESR1', -0.17747543480613215)
('MAPT', 'EXO1', 0.07617432682171214)
('MAPT', 'FGFR4', 0.5095111039201422)
('MAPT', 'FOXA1', 0.1779054413558494)
('MAPT', 'FOXC1', -0.3351518348797821)
('MAPT', 'GRB7', 0.240826542722281)
('MAPT', 'KIF2C', -0.25370073576582913)
('MAPT', 'KRT14', 0.46917166733844023)
('MAPT', 'KRT17', 0.46917166733844023)
('MAPT', 'KRT5', 0.23195835641741236)
('MAPT', 'MAPT', 0.45190632990571905)
('MAPT', 'MELK', -0.1460881685942188)
('MAPT', 'MKI67', 0.07278630780910801)
('MAPT', 'MLPH', 0.12551791847115026)
('MAPT', 'MMP11', -0.1574004089001532)
('MAPT', 'MYC', -0.16369372331351786)
('MAPT', 'NAT1', -0.03584714684737675)
('MAPT', 'NDC80', 0.030667911109251912)
('MAPT', 'NUF2', 0.05059647052579828)
('MAPT', 'PGR', -0.18248501444934753)
('MAPT', 'PHGDH', -0.2292812779711545)
('MAPT', 'RRM2', -0.0735710775762065)
('MAPT', 'SFRP1', 0.04483939459545368)
('MAPT', 'SLC39A6', 0.03257568800026091)
('MAPT', 'TYMS', -0.042566337517940186)
('MAPT', 'UBE2C', -0.026815642460417285)
('MAPT', 'UBE2T', 0.23663801044011432)
('MELK', 'ACTR3B', -0.0788973821796158)
('MELK', 'ANLN', -0.09554357858035911)
('MELK', 'BAG1', 0.25028263519420163)
('MELK', 'BCL2', -0.16755186430383937)
('MELK', 'BIRC5', 0.0864410121665216)
('MELK', 'BLVRA', -0.1935331221298209)
('MELK', 'CCNB1', -0.4517299406812692)
('MELK', 'CCNE1', 0.04899305927479602)
('MELK', 'CDC20', 0.15313017774900908)
('MELK', 'CDH3', 0.32953006903931414)
('MELK', 'CENPF', -0.0543951205186817)
('MELK', 'CEP55', -0.11875669621088494)
('MELK', 'CXXC5', -0.353972068023907)
('MELK', 'EGFR', 0.006665176798726243)
('MELK', 'ERBB2', -0.014690991790818118)
('MELK', 'ESR1', 0.22177528039510078)
('MELK', 'EXO1', 0.002957588185484941)
('MELK', 'FGFR4', -0.38537380699259427)
('MELK', 'FOXA1', -0.21698863629791254)
('MELK', 'FOXC1', 0.31037202673118863)
('MELK', 'GRB7', -0.013896116557277129)
('MELK', 'KIF2C', 0.1810532973866203)
('MELK', 'KRT14', -0.19876568367770242)
('MELK', 'KRT17', -0.19876568367770242)
('MELK', 'KRT5', -0.3286931147125352)
('MELK', 'MAPT', -0.2197159400905813)
('MELK', 'MELK', 0.3912160440352697)
('MELK', 'MKI67', -0.08739089295917465)
('MELK', 'MLPH', -0.03603888678727358)
('MELK', 'MMP11', 0.060178643055361726)
('MELK', 'MYC', 0.2658954978869219)
('MELK', 'NAT1', 0.00655948891706674)
('MELK', 'NDC80', -0.016931105661687297)
('MELK', 'NUF2', 0.12141049669427717)
('MELK', 'PGR', 0.126577453114304)
('MELK', 'PHGDH', 0.12510434138582027)
('MELK', 'RRM2', 0.030764174683403006)
('MELK', 'SFRP1', 0.006178397965365943)
('MELK', 'SLC39A6', -0.08533042405556641)
('MELK', 'TYMS', 0.014486752299187798)
('MELK', 'UBE2C', 0.05723299376110629)
('MELK', 'UBE2T', -0.01420984831050792)
('MKI67', 'ACTR3B', -0.14317732200939273)
('MKI67', 'ANLN', -0.14799526797711654)
('MKI67', 'BAG1', -0.06858156982027154)
('MKI67', 'BCL2', -0.09443115271043374)
('MKI67', 'BIRC5', 0.10143936905247068)
('MKI67', 'BLVRA', -0.18117518891862386)
('MKI67', 'CCNB1', -0.29707382520824127)
('MKI67', 'CCNE1', 0.019021453386270416)
('MKI67', 'CDC20', 0.13051823529293974)
('MKI67', 'CDH3', 0.06485704897044062)
('MKI67', 'CENPF', -0.15094711670276026)
('MKI67', 'CEP55', 0.1313106750554051)
('MKI67', 'CXXC5', -0.24165653626309)
('MKI67', 'EGFR', -0.007506540339393856)
('MKI67', 'ERBB2', 0.015020091069286264)
('MKI67', 'ESR1', 0.1985605838639083)
('MKI67', 'EXO1', -0.03472865771578318)
('MKI67', 'FGFR4', -0.31042869105656223)
('MKI67', 'FOXA1', -0.08732918398927862)
('MKI67', 'FOXC1', 0.11006967301229321)
('MKI67', 'GRB7', 0.012330171604326392)
('MKI67', 'KIF2C', 0.17037835711084803)
('MKI67', 'KRT14', -0.09676041250919698)
('MKI67', 'KRT17', -0.09676041250919698)
('MKI67', 'KRT5', -0.19122170524788037)
('MKI67', 'MAPT', -0.17967676847730515)
('MKI67', 'MELK', 0.02550265878455723)
('MKI67', 'MKI67', 0.22201335607513548)
('MKI67', 'MLPH', -0.044667175010796006)
('MKI67', 'MMP11', 0.05259387305908743)
('MKI67', 'MYC', 0.18469930990751138)
('MKI67', 'NAT1', 0.13072969394835418)
('MKI67', 'NDC80', -0.0617696160747427)
('MKI67', 'NUF2', -0.10451871580946276)
('MKI67', 'PGR', 0.02483173838746705)
('MKI67', 'PHGDH', 0.19405172717636637)
('MKI67', 'RRM2', 0.016368118581554163)
('MKI67', 'SFRP1', -0.010542713123879758)
('MKI67', 'SLC39A6', -0.11806386357156709)
('MKI67', 'TYMS', -0.051466093694482976)
('MKI67', 'UBE2C', -0.042142622415734216)
('MKI67', 'UBE2T', -0.12257801618453873)
('MLPH', 'ACTR3B', 0.048702899196180684)
('MLPH', 'ANLN', 0.08910214304040646)
('MLPH', 'BAG1', -0.19390035553939147)
('MLPH', 'BCL2', 0.09612704839463894)
('MLPH', 'BIRC5', -0.011370358200127917)
('MLPH', 'BLVRA', 0.15653820292098208)
('MLPH', 'CCNB1', 0.5624145554099471)
('MLPH', 'CCNE1', -0.3280313391852052)
('MLPH', 'CDC20', -0.28260984126635036)
('MLPH', 'CDH3', -0.37196187975609213)
('MLPH', 'CENPF', 0.23374916217090333)
('MLPH', 'CEP55', 0.006769946706730767)
('MLPH', 'CXXC5', 0.47263764096937516)
('MLPH', 'EGFR', -0.07623542456767946)
('MLPH', 'ERBB2', 0.15436072557270006)
('MLPH', 'ESR1', -0.341608334516477)
('MLPH', 'EXO1', -0.066972941355759)
('MLPH', 'FGFR4', 0.5594000207728421)
('MLPH', 'FOXA1', 0.3620421085450449)
('MLPH', 'FOXC1', -0.35614565642530127)
('MLPH', 'GRB7', 0.15197561564393328)
('MLPH', 'KIF2C', -0.2734598924585455)
('MLPH', 'KRT14', 0.23956779214510462)
('MLPH', 'KRT17', 0.23956779214510462)
('MLPH', 'KRT5', 0.5003154824664587)
('MLPH', 'MAPT', 0.21700810379631508)
('MLPH', 'MELK', -0.04954614482422485)
('MLPH', 'MKI67', 0.024397938828554174)
('MLPH', 'MLPH', 0.22567708740731385)
('MLPH', 'MMP11', -0.10558210157725324)
('MLPH', 'MYC', -0.27625369703339686)
('MLPH', 'NAT1', -0.05868047800758702)
('MLPH', 'NDC80', 0.0919117164491596)
('MLPH', 'NUF2', -0.02069078841455092)
('MLPH', 'PGR', -0.233949416665829)
('MLPH', 'PHGDH', -0.14637352541043488)
('MLPH', 'RRM2', -0.140108465641464)
('MLPH', 'SFRP1', 0.016234726568567958)
('MLPH', 'SLC39A6', 0.04405211077032862)
('MLPH', 'TYMS', 0.029275859682659916)
('MLPH', 'UBE2C', 0.0672099901471145)
('MLPH', 'UBE2T', 0.18380787134674584)
('MMP11', 'ACTR3B', -0.3124741205917439)
('MMP11', 'ANLN', -0.07332719886093056)
('MMP11', 'BAG1', -0.22395162420129308)
('MMP11', 'BCL2', -0.14770068226391803)
('MMP11', 'BIRC5', -0.13731186330466613)
('MMP11', 'BLVRA', -0.09871885157753042)
('MMP11', 'CCNB1', 0.12368545605488482)
('MMP11', 'CCNE1', -0.12902250517363104)
('MMP11', 'CDC20', -0.21607551523718346)
('MMP11', 'CDH3', -0.06418665790893019)
('MMP11', 'CENPF', 0.06525311219302464)
('MMP11', 'CEP55', -0.013355856027259146)
('MMP11', 'CXXC5', 0.09789318149257213)
('MMP11', 'EGFR', -0.20868445069621377)
('MMP11', 'ERBB2', 0.21898265989270552)
('MMP11', 'ESR1', -0.02802589637854038)
('MMP11', 'EXO1', 0.12538859422818155)
('MMP11', 'FGFR4', 0.09988300138255951)
('MMP11', 'FOXA1', 0.16061839078443566)
('MMP11', 'FOXC1', -0.04917838847951617)
('MMP11', 'GRB7', 0.21949547743880918)
('MMP11', 'KIF2C', -0.17710935393498028)
('MMP11', 'KRT14', -0.11568922571572378)
('MMP11', 'KRT17', -0.11568922571572378)
('MMP11', 'KRT5', 0.17396219476527458)
('MMP11', 'MAPT', -0.10266117212727728)
('MMP11', 'MELK', -0.13354717040841077)
('MMP11', 'MKI67', 0.05514512574665127)
('MMP11', 'MLPH', -0.018085207785584367)
('MMP11', 'MMP11', -0.00170887365600634)
('MMP11', 'MYC', -0.007163982912219323)
('MMP11', 'NAT1', -0.09634167189014456)
('MMP11', 'NDC80', -0.1409567127408951)
('MMP11', 'NUF2', 0.025475697552350497)
('MMP11', 'PGR', 0.12472394590803988)
('MMP11', 'PHGDH', -0.07960826851240176)
('MMP11', 'RRM2', 0.0225341006014328)
('MMP11', 'SFRP1', -0.05327882330559183)
('MMP11', 'SLC39A6', -0.2719636131353502)
('MMP11', 'TYMS', -0.2968601092742821)
('MMP11', 'UBE2C', 0.05279000986325284)
('MMP11', 'UBE2T', 0.1100507401069124)
('MYC', 'ACTR3B', 0.06324147045420385)
('MYC', 'ANLN', -0.24721966686602007)
('MYC', 'BAG1', 0.1929275673149905)
('MYC', 'BCL2', 0.09343202036935161)
('MYC', 'BIRC5', 0.03291488662788474)
('MYC', 'BLVRA', -0.260542042956918)
('MYC', 'CCNB1', -0.30486907182749373)
('MYC', 'CCNE1', 0.2832316756465669)
('MYC', 'CDC20', 0.13777509124395734)
('MYC', 'CDH3', -0.020690108447400393)
('MYC', 'CENPF', -0.14346745899973226)
('MYC', 'CEP55', 0.059430930215786014)
('MYC', 'CXXC5', -0.30210682480765716)
('MYC', 'EGFR', -0.21565199251736747)
('MYC', 'ERBB2', -0.2759563269811113)
('MYC', 'ESR1', 0.03758256929936536)
('MYC', 'EXO1', 0.03992086808585674)
('MYC', 'FGFR4', -0.35074734928771645)
('MYC', 'FOXA1', -0.18601655177604887)
('MYC', 'FOXC1', -0.025397660128956223)
('MYC', 'GRB7', -0.2881338713429356)
('MYC', 'KIF2C', 0.11050929551495281)
('MYC', 'KRT14', -0.042589829714685265)
('MYC', 'KRT17', -0.042589829714685265)
('MYC', 'KRT5', -0.4366274944327762)
('MYC', 'MAPT', -0.06183331033120516)
('MYC', 'MELK', 0.12976120869194044)
('MYC', 'MKI67', -0.0675018404550785)
('MYC', 'MLPH', 0.06123980178158604)
('MYC', 'MMP11', 0.15457419477675807)
('MYC', 'MYC', 0.20189286889683777)
('MYC', 'NAT1', 0.018390230450854445)
('MYC', 'NDC80', 0.021045574661771243)
('MYC', 'NUF2', 0.024792139104093416)
('MYC', 'PGR', -0.17777894650720188)
('MYC', 'PHGDH', 0.057300601460627355)
('MYC', 'RRM2', 0.1626688604092929)
('MYC', 'SFRP1', 0.10333699235264185)
('MYC', 'SLC39A6', 0.14184490456933624)
('MYC', 'TYMS', 0.02885519173930782)
('MYC', 'UBE2C', -0.15667433455182037)
('MYC', 'UBE2T', -0.13580198232734256)
('NAT1', 'ACTR3B', 0.07989641600928103)
('NAT1', 'ANLN', 0.091534113601409)
('NAT1', 'BAG1', -0.26731957490803565)
('NAT1', 'BCL2', 0.06472011204141241)
('NAT1', 'BIRC5', -0.15545185673377196)
('NAT1', 'BLVRA', 0.18688087297570846)
('NAT1', 'CCNB1', 0.5325086767273173)
('NAT1', 'CCNE1', -0.2760016829980191)
('NAT1', 'CDC20', -0.36276391868184726)
('NAT1', 'CDH3', -0.21929674665055957)
('NAT1', 'CENPF', 0.383697238477477)
('NAT1', 'CEP55', 0.1950401927917755)
('NAT1', 'CXXC5', 0.4839441325196857)
('NAT1', 'EGFR', 0.10047721158316505)
('NAT1', 'ERBB2', 0.22006210552608108)
('NAT1', 'ESR1', -0.18028854072780548)
('NAT1', 'EXO1', 0.0891088458195663)
('NAT1', 'FGFR4', 0.4607264476776208)
('NAT1', 'FOXA1', 0.28530863768166703)
('NAT1', 'FOXC1', -0.27627185572988816)
('NAT1', 'GRB7', 0.22646985412001838)
('NAT1', 'KIF2C', -0.3052349302005918)
('NAT1', 'KRT14', 0.17517039221539996)
('NAT1', 'KRT17', 0.17517039221539996)
('NAT1', 'KRT5', 0.36137182229803255)
('NAT1', 'MAPT', 0.14243744701295474)
('NAT1', 'MELK', -0.1574723451444387)
('NAT1', 'MKI67', 0.23760384931364048)
('NAT1', 'MLPH', 0.13475123910059042)
('NAT1', 'MMP11', -0.3282746293188179)
('NAT1', 'MYC', -0.1863687150999001)
('NAT1', 'NAT1', 0.2945197378494595)
('NAT1', 'NDC80', 0.0975904723853777)
('NAT1', 'NUF2', 0.12581419054362572)
('NAT1', 'PGR', -0.1461773059124582)
('NAT1', 'PHGDH', -0.15991324082783476)
('NAT1', 'RRM2', -0.13362695362483254)
('NAT1', 'SFRP1', 0.0520825802952763)
('NAT1', 'SLC39A6', -0.028316397075287332)
('NAT1', 'TYMS', 0.025581869305099324)
('NAT1', 'UBE2C', 0.14820900428490436)
('NAT1', 'UBE2T', 0.3611089203866449)
('NDC80', 'ACTR3B', -0.06998494880444427)
('NDC80', 'ANLN', -0.09838306853266479)
('NDC80', 'BAG1', 0.01832522682182452)
('NDC80', 'BCL2', 0.05064023391905761)
('NDC80', 'BIRC5', 0.0010253039764277195)
('NDC80', 'BLVRA', -0.15936475147460696)
('NDC80', 'CCNB1', -0.3410584713937705)
('NDC80', 'CCNE1', 0.08256651604641636)
('NDC80', 'CDC20', 0.21856019961171672)
('NDC80', 'CDH3', 0.24327308579163856)
('NDC80', 'CENPF', -0.09845806009785549)
('NDC80', 'CEP55', -0.12599988191070757)
('NDC80', 'CXXC5', -0.2740115080134553)
('NDC80', 'EGFR', 0.01619624815785154)
('NDC80', 'ERBB2', -0.018534871363326086)
('NDC80', 'ESR1', 0.1914358015763056)
('NDC80', 'EXO1', -0.10137297816204385)
('NDC80', 'FGFR4', -0.33969159722628817)
('NDC80', 'FOXA1', -0.19850529553486487)
('NDC80', 'FOXC1', 0.1850400952252525)
('NDC80', 'GRB7', -0.012119624383761587)
('NDC80', 'KIF2C', 0.26015565654834655)
('NDC80', 'KRT14', -0.1105626721389561)
('NDC80', 'KRT17', -0.1105626721389561)
('NDC80', 'KRT5', -0.3922102165038157)
('NDC80', 'MAPT', -0.18514502041135728)
('NDC80', 'MELK', 0.12907763227091107)
('NDC80', 'MKI67', -0.08724629310620372)
('NDC80', 'MLPH', -0.07939077395911799)
('NDC80', 'MMP11', 0.11690010325280292)
('NDC80', 'MYC', 0.2826158396563586)
('NDC80', 'NAT1', 0.07607166806225496)
('NDC80', 'NDC80', 0.37347021968493616)
('NDC80', 'NUF2', 0.04274869372561601)
('NDC80', 'PGR', 0.02585708279944292)
('NDC80', 'PHGDH', 0.33897926356164204)
('NDC80', 'RRM2', 0.04270172622721922)
('NDC80', 'SFRP1', -0.05656520520206308)
('NDC80', 'SLC39A6', 0.13979413486471937)
('NDC80', 'TYMS', 0.3229678135085715)
('NDC80', 'UBE2C', 0.09133092343871534)
('NDC80', 'UBE2T', -0.06137445121347038)
('NUF2', 'ACTR3B', 0.040434579737503855)
('NUF2', 'ANLN', -0.08222689653551822)
('NUF2', 'BAG1', 0.059432102196175514)
('NUF2', 'BCL2', 0.03433860098561227)
('NUF2', 'BIRC5', -0.020335195532483107)
('NUF2', 'BLVRA', -0.14504795438206058)
('NUF2', 'CCNB1', -0.2879771799122502)
('NUF2', 'CCNE1', 0.1362393523809997)
('NUF2', 'CDC20', 0.049864591706901745)
('NUF2', 'CDH3', 0.38479132438421326)
('NUF2', 'CENPF', 0.13710514910822866)
('NUF2', 'CEP55', -0.21996411309461342)
('NUF2', 'CXXC5', -0.19552342132118353)
('NUF2', 'EGFR', 0.04687972478157353)
('NUF2', 'ERBB2', -0.10206026823854199)
('NUF2', 'ESR1', 0.2332774658225036)
('NUF2', 'EXO1', 0.19859218802802883)
('NUF2', 'FGFR4', -0.2554522878212551)
('NUF2', 'FOXA1', -0.12854203839337142)
('NUF2', 'FOXC1', 0.3268962807591897)
('NUF2', 'GRB7', -0.09421988120275022)
('NUF2', 'KIF2C', 0.06193305866892015)
('NUF2', 'KRT14', -0.1168459865227893)
('NUF2', 'KRT17', -0.1168459865227893)
('NUF2', 'KRT5', -0.35111864775391033)
('NUF2', 'MAPT', -0.14343645457782966)
('NUF2', 'MELK', 0.12704004870822735)
('NUF2', 'MKI67', -0.2361184144603934)
('NUF2', 'MLPH', -0.07115707208728103)
('NUF2', 'MMP11', -0.06395131028054495)
('NUF2', 'MYC', 0.25142293791196146)
('NUF2', 'NAT1', 0.10184953933754129)
('NUF2', 'NDC80', 0.13891919614340942)
('NUF2', 'NUF2', 0.34547306882008433)
('NUF2', 'PGR', 0.10729309090445)
('NUF2', 'PHGDH', 0.0498077492393478)
('NUF2', 'RRM2', 0.07550369880631772)
('NUF2', 'SFRP1', -0.009951164382514931)
('NUF2', 'SLC39A6', 0.12173158631251657)
('NUF2', 'TYMS', 0.19183772804178545)
('NUF2', 'UBE2C', 0.10293789024878812)
('NUF2', 'UBE2T', 0.17281857145073787)
('PGR', 'ACTR3B', 0.23305093113335693)
('PGR', 'ANLN', 0.025410805915772453)
('PGR', 'BAG1', -0.211252794136815)
('PGR', 'BCL2', 0.15631162546666535)
('PGR', 'BIRC5', -0.09447255998187207)
('PGR', 'BLVRA', -0.04699958641492492)
('PGR', 'CCNB1', 0.5243847940785855)
('PGR', 'CCNE1', -0.042709538391148986)
('PGR', 'CDC20', -0.2350195902832276)
('PGR', 'CDH3', -0.3995399277374428)
('PGR', 'CENPF', 0.36428167709369436)
('PGR', 'CEP55', 0.026869458385548904)
('PGR', 'CXXC5', 0.3757567848830518)
('PGR', 'EGFR', -0.18790014198065913)
('PGR', 'ERBB2', 0.0238267877610939)
('PGR', 'ESR1', -0.19242170318436874)
('PGR', 'EXO1', 0.2532352728594106)
('PGR', 'FGFR4', 0.46077903151620064)
('PGR', 'FOXA1', 0.23498557335666947)
('PGR', 'FOXC1', -0.20658603981705337)
('PGR', 'GRB7', 0.023949746339246566)
('PGR', 'KIF2C', -0.1719164950569876)
('PGR', 'KRT14', 0.2988517835072128)
('PGR', 'KRT17', 0.2988517835072128)
('PGR', 'KRT5', 0.2601151511270404)
('PGR', 'MAPT', 0.3706712410777327)
('PGR', 'MELK', -0.2064926619524871)
('PGR', 'MKI67', 0.03378378383048719)
('PGR', 'MLPH', 0.04462771637562746)
('PGR', 'MMP11', -0.07912085027309354)
('PGR', 'MYC', -0.17850805128062092)
('PGR', 'NAT1', 0.07473085068842568)
('PGR', 'NDC80', 0.06576577765948878)
('PGR', 'NUF2', 0.10687173431404003)
('PGR', 'PGR', -0.13525344429256136)
('PGR', 'PHGDH', -0.18682178205057032)
('PGR', 'RRM2', -0.19209203260649627)
('PGR', 'SFRP1', 0.08678677312201266)
('PGR', 'SLC39A6', 0.11960194085002979)
('PGR', 'TYMS', 0.04561618010724289)
('PGR', 'UBE2C', 0.07674005915878239)
('PGR', 'UBE2T', 0.2841969662101584)
('PHGDH', 'ACTR3B', -0.031719324091871524)
('PHGDH', 'ANLN', 0.005928749854119698)
('PHGDH', 'BAG1', 0.059261206967564525)
('PHGDH', 'BCL2', -0.06057897141719041)
('PHGDH', 'BIRC5', 0.07759447913913883)
('PHGDH', 'BLVRA', -0.03243300131066287)
('PHGDH', 'CCNB1', -0.4923624993661081)
('PHGDH', 'CCNE1', 0.012790514267340092)
('PHGDH', 'CDC20', 0.27838982177309546)
('PHGDH', 'CDH3', 0.244495563609687)
('PHGDH', 'CENPF', -0.23462989515175195)
('PHGDH', 'CEP55', -0.04136897531278004)
('PHGDH', 'CXXC5', -0.41151685118170833)
('PHGDH', 'EGFR', 0.07187085120046621)
('PHGDH', 'ERBB2', -0.23040898684111963)
('PHGDH', 'ESR1', 0.18580958973295886)
('PHGDH', 'EXO1', -0.052053552064534964)
('PHGDH', 'FGFR4', -0.48697892908864615)
('PHGDH', 'FOXA1', -0.267022487609548)
('PHGDH', 'FOXC1', 0.20754568225463813)
('PHGDH', 'GRB7', -0.23478646933232813)
('PHGDH', 'KIF2C', 0.27131701651648776)
('PHGDH', 'KRT14', -0.28012014543825403)
('PHGDH', 'KRT17', -0.28012014543825403)
('PHGDH', 'KRT5', -0.26747640464589745)
('PHGDH', 'MAPT', -0.36909386071214073)
('PHGDH', 'MELK', 0.12910392367171988)
('PHGDH', 'MKI67', -0.04980807662790505)
('PHGDH', 'MLPH', -0.15298112854845947)
('PHGDH', 'MMP11', 0.1613702538548756)
('PHGDH', 'MYC', 0.20358856393477592)
('PHGDH', 'NAT1', 0.027920550019738987)
('PHGDH', 'NDC80', 0.09329196962810149)
('PHGDH', 'NUF2', 0.0737848763474424)
('PHGDH', 'PGR', 0.2129561471026819)
('PHGDH', 'PHGDH', 0.33136810314739495)
('PHGDH', 'RRM2', 0.16995234450100455)
('PHGDH', 'SFRP1', -0.17384960232332888)
('PHGDH', 'SLC39A6', -0.06477014317081742)
('PHGDH', 'TYMS', 0.027198811712358946)
('PHGDH', 'UBE2C', -0.05250082156220913)
('PHGDH', 'UBE2T', -0.19937166450090069)
('RRM2', 'ACTR3B', -0.22283712474322676)
('RRM2', 'ANLN', -0.0965820957388413)
('RRM2', 'BAG1', -0.2265413442040904)
('RRM2', 'BCL2', -0.16412063350091255)
('RRM2', 'BIRC5', 0.1844495563747918)
('RRM2', 'BLVRA', -0.0451721899081628)
('RRM2', 'CCNB1', -0.17794983724253116)
('RRM2', 'CCNE1', -0.18387843121434042)
('RRM2', 'CDC20', 0.029868798407086936)
('RRM2', 'CDH3', 0.08515280973459959)
('RRM2', 'CENPF', -0.1959696608730079)
('RRM2', 'CEP55', -0.04424784585408885)
('RRM2', 'CXXC5', -0.19934922253181184)
('RRM2', 'EGFR', 0.026884194385394806)
('RRM2', 'ERBB2', 0.13887989551355834)
('RRM2', 'ESR1', 0.22817706817012381)
('RRM2', 'EXO1', -0.15141537026044902)
('RRM2', 'FGFR4', -0.1992927482178997)
('RRM2', 'FOXA1', 0.002090221323843941)
('RRM2', 'FOXC1', 0.14415669822677743)
('RRM2', 'GRB7', 0.13336850502651867)
('RRM2', 'KIF2C', 0.04083296120264614)
('RRM2', 'KRT14', -0.21118771734448566)
('RRM2', 'KRT17', -0.21118771734448566)
('RRM2', 'KRT5', -0.11344217476381438)
('RRM2', 'MAPT', -0.15131021156940958)
('RRM2', 'MELK', -0.03966057812010782)
('RRM2', 'MKI67', -0.030983804859322298)
('RRM2', 'MLPH', 0.05386103700506762)
('RRM2', 'MMP11', -0.0005126620968019019)
('RRM2', 'MYC', 0.20345711470702876)
('RRM2', 'NAT1', 0.14135107079202136)
('RRM2', 'NDC80', -0.1445585162745149)
('RRM2', 'NUF2', -0.0856025502894254)
('RRM2', 'PGR', 0.1474261228244801)
('RRM2', 'PHGDH', 0.08214532198381748)
('RRM2', 'RRM2', 0.24439112956828138)
('RRM2', 'SFRP1', 0.026093872257981696)
('RRM2', 'SLC39A6', -0.1390973990035354)
('RRM2', 'TYMS', -0.11636726982977351)
('RRM2', 'UBE2C', 0.1485244824314975)
('RRM2', 'UBE2T', -0.11675473884730005)
('SFRP1', 'ACTR3B', 0.309753067924103)
('SFRP1', 'ANLN', -0.11531484195196895)
('SFRP1', 'BAG1', 0.33032733111822565)
('SFRP1', 'BCL2', -0.08762127701726868)
('SFRP1', 'BIRC5', 0.05438054551899329)
('SFRP1', 'BLVRA', -0.09647075947208926)
('SFRP1', 'CCNB1', -0.43283994170679063)
('SFRP1', 'CCNE1', 0.21611105298568462)
('SFRP1', 'CDC20', 0.27487971210113593)
('SFRP1', 'CDH3', 0.2559185015009138)
('SFRP1', 'CENPF', -0.09515859773676578)
('SFRP1', 'CEP55', 0.056538914146891314)
('SFRP1', 'CXXC5', -0.37519146030553635)
('SFRP1', 'EGFR', -0.01953540970987613)
('SFRP1', 'ERBB2', -0.3336408485110082)
('SFRP1', 'ESR1', 0.05598606598320988)
('SFRP1', 'EXO1', -0.059651267492136284)
('SFRP1', 'FGFR4', -0.48341637402485654)
('SFRP1', 'FOXA1', -0.30341074310891925)
('SFRP1', 'FOXC1', 0.12188773536008392)
('SFRP1', 'GRB7', -0.34156022856125484)
('SFRP1', 'KIF2C', 0.22032182768678255)
('SFRP1', 'KRT14', -0.1698072284735507)
('SFRP1', 'KRT17', -0.1698072284735507)
('SFRP1', 'KRT5', -0.4553855458102922)
('SFRP1', 'MAPT', -0.17980821684110448)
('SFRP1', 'MELK', 0.24759926711708014)
('SFRP1', 'MKI67', 0.024161320887328974)
('SFRP1', 'MLPH', 0.07039420514068911)
('SFRP1', 'MMP11', 0.036701348058228465)
('SFRP1', 'MYC', -0.11263884325652732)
('SFRP1', 'NAT1', 0.1467274855557093)
('SFRP1', 'NDC80', -0.08117203219015455)
('SFRP1', 'NUF2', 0.1105655790055831)
('SFRP1', 'PGR', 0.2433484071089412)
('SFRP1', 'PHGDH', 0.02618554671015593)
('SFRP1', 'RRM2', 0.11858669044627997)
('SFRP1', 'SFRP1', 0.14228719058961906)
('SFRP1', 'SLC39A6', 0.0034310954673398304)
('SFRP1', 'TYMS', -0.058591156985009094)
('SFRP1', 'UBE2C', -0.29357870525047036)
('SFRP1', 'UBE2T', -0.11944948343902448)
('SLC39A6', 'ACTR3B', 0.17417366109295387)
('SLC39A6', 'ANLN', 0.015472591082702629)
('SLC39A6', 'BAG1', -0.31722098166244445)
('SLC39A6', 'BCL2', 0.19121552501367936)
('SLC39A6', 'BIRC5', 0.11215248111386286)
('SLC39A6', 'BLVRA', 0.12893005425766957)
('SLC39A6', 'CCNB1', 0.5542906727612152)
('SLC39A6', 'CCNE1', -0.2153354719561131)
('SLC39A6', 'CDC20', -0.2306023736173908)
('SLC39A6', 'CDH3', -0.26705225109109687)
('SLC39A6', 'CENPF', 0.29709621045015105)
('SLC39A6', 'CEP55', -0.08020086380148429)
('SLC39A6', 'CXXC5', 0.40941331787002266)
('SLC39A6', 'EGFR', 0.017839536323217973)
('SLC39A6', 'ERBB2', 0.062041795976815216)
('SLC39A6', 'ESR1', -0.25776726176679093)
('SLC39A6', 'EXO1', 0.16005152776206505)
('SLC39A6', 'FGFR4', 0.44154649255559464)
('SLC39A6', 'FOXA1', 0.261961259875712)
('SLC39A6', 'FOXC1', -0.34858682900596905)
('SLC39A6', 'GRB7', 0.06517752396609244)
('SLC39A6', 'KIF2C', -0.17801646092885748)
('SLC39A6', 'KRT14', 0.23658387506324238)
('SLC39A6', 'KRT17', 0.23658387506324238)
('SLC39A6', 'KRT5', 0.3297578674536556)
('SLC39A6', 'MAPT', 0.2991370414981369)
('SLC39A6', 'MELK', -0.18791778728105446)
('SLC39A6', 'MKI67', -0.14053791164659088)
('SLC39A6', 'MLPH', 0.07341936717027778)
('SLC39A6', 'MMP11', -0.19030279936925987)
('SLC39A6', 'MYC', -0.17861321066281863)
('SLC39A6', 'NAT1', -0.006073113987344355)
('SLC39A6', 'NDC80', 0.1008373536729839)
('SLC39A6', 'NUF2', 0.050254691301669735)
('SLC39A6', 'PGR', -0.24173151784390232)
('SLC39A6', 'PHGDH', -0.23488119910495286)
('SLC39A6', 'RRM2', -0.19548398007158943)
('SLC39A6', 'SFRP1', 0.08010884510838308)
('SLC39A6', 'SLC39A6', 0.21634305787743902)
('SLC39A6', 'TYMS', 0.08017668082826351)
('SLC39A6', 'UBE2C', 0.07183700296381394)
('SLC39A6', 'UBE2T', 0.23642768891100413)
('TYMS', 'ACTR3B', -0.08452352006246742)
('TYMS', 'ANLN', -0.2916129889444285)
('TYMS', 'BAG1', -0.09137636415961424)
('TYMS', 'BCL2', 0.1833407845885715)
('TYMS', 'BIRC5', 0.1013736444385971)
('TYMS', 'BLVRA', -0.2781981113639794)
('TYMS', 'CCNB1', -0.21954201313345004)
('TYMS', 'CCNE1', 0.020756651621921897)
('TYMS', 'CDC20', 0.21800804752848713)
('TYMS', 'CDH3', 0.10910285903012913)
('TYMS', 'CENPF', -0.16185768945058668)
('TYMS', 'CEP55', -0.03018213133719192)
('TYMS', 'CXXC5', -0.1816663956304541)
('TYMS', 'EGFR', -0.06562635617207378)
('TYMS', 'ERBB2', -0.16164040161241544)
('TYMS', 'ESR1', 0.154208156855843)
('TYMS', 'EXO1', -0.03567508593513836)
('TYMS', 'FGFR4', -0.2639840156308472)
('TYMS', 'FOXA1', -0.12367800135046414)
('TYMS', 'FOXC1', 0.1551334302183294)
('TYMS', 'GRB7', -0.15801568903388616)
('TYMS', 'KIF2C', 0.25505482301755883)
('TYMS', 'KRT14', -0.09882417894907526)
('TYMS', 'KRT17', -0.09882417894907526)
('TYMS', 'KRT5', -0.3805373716381996)
('TYMS', 'MAPT', -0.017403763367031384)
('TYMS', 'MELK', -0.08797102710631804)
('TYMS', 'MKI67', 0.0024319066181479106)
('TYMS', 'MLPH', -0.08638810526234045)
('TYMS', 'MMP11', 0.09473732645259761)
('TYMS', 'MYC', 0.18632928033157595)
('TYMS', 'NAT1', 0.12280309712071641)
('TYMS', 'NDC80', 0.22254939351891762)
('TYMS', 'NUF2', -0.10717407747384604)
('TYMS', 'PGR', -0.08580029457649412)
('TYMS', 'PHGDH', 0.2986361697597)
('TYMS', 'RRM2', 0.009965489064110888)
('TYMS', 'SFRP1', 0.059299474939927155)
('TYMS', 'SLC39A6', 0.29546858898057476)
('TYMS', 'TYMS', 0.4104404539793479)
('TYMS', 'UBE2C', 0.20078869538376173)
('TYMS', 'UBE2T', -0.16143491868764825)
('UBE2C', 'ACTR3B', -0.15180056138124012)
('UBE2C', 'ANLN', -0.10500854508804468)
('UBE2C', 'BAG1', -0.07448402810075878)
('UBE2C', 'BCL2', -0.06660005842002746)
('UBE2C', 'BIRC5', 0.11394019061122401)
('UBE2C', 'BLVRA', -0.1987523769009328)
('UBE2C', 'CCNB1', -0.3967951419934848)
('UBE2C', 'CCNE1', -0.06905300251422149)
('UBE2C', 'CDC20', 0.1687219008611592)
('UBE2C', 'CDH3', 0.2865067367976741)
('UBE2C', 'CENPF', -0.14037832093257654)
('UBE2C', 'CEP55', -0.10700459454910377)
('UBE2C', 'CXXC5', -0.3010024698190221)
('UBE2C', 'EGFR', 0.0434748317029343)
('UBE2C', 'ERBB2', -0.051997685997967356)
('UBE2C', 'ESR1', 0.16373853906711963)
('UBE2C', 'EXO1', -0.07233603459877169)
('UBE2C', 'FGFR4', -0.3234431911050926)
('UBE2C', 'FOXA1', -0.029986131067220312)
('UBE2C', 'FOXC1', 0.2593137907369516)
('UBE2C', 'GRB7', -0.05007076089056768)
('UBE2C', 'KIF2C', 0.1835774211956699)
('UBE2C', 'KRT14', -0.22385950618552164)
('UBE2C', 'KRT17', -0.22385950618552164)
('UBE2C', 'KRT5', -0.2677130163661465)
('UBE2C', 'MAPT', -0.16528317264127843)
('UBE2C', 'MELK', -0.05705233975514349)
('UBE2C', 'MKI67', -0.06437322545443415)
('UBE2C', 'MLPH', -0.08992622954912023)
('UBE2C', 'MMP11', 0.0488212058339042)
('UBE2C', 'MYC', 0.39643772596261023)
('UBE2C', 'NAT1', 0.028959026221038135)
('UBE2C', 'NDC80', 0.047967084285323716)
('UBE2C', 'NUF2', -0.024042853881965462)
('UBE2C', 'PGR', -0.07068303722043955)
('UBE2C', 'PHGDH', 0.12259357862395291)
('UBE2C', 'RRM2', 0.1502580138703474)
('UBE2C', 'SFRP1', -0.06127130407780991)
('UBE2C', 'SLC39A6', 0.04465682491399771)
('UBE2C', 'TYMS', 0.12818540986332144)
('UBE2C', 'UBE2C', 0.4218994413772319)
('UBE2C', 'UBE2T', -0.14374162005125266)
('UBE2T', 'ACTR3B', -0.046573379717157394)
('UBE2T', 'ANLN', -0.09041672172202947)
('UBE2T', 'BAG1', -0.006533456047666275)
('UBE2T', 'BCL2', 0.04264717519040054)
('UBE2T', 'BIRC5', 0.1356424581122774)
('UBE2T', 'BLVRA', -0.16416331064703985)
('UBE2T', 'CCNB1', -0.2211194660749514)
('UBE2T', 'CCNE1', 0.0711299822205316)
('UBE2T', 'CDC20', 0.0843215109960632)
('UBE2T', 'CDH3', 0.18585606311168626)
('UBE2T', 'CENPF', 0.16068776056557882)
('UBE2T', 'CEP55', -0.11578580697647493)
('UBE2T', 'CXXC5', -0.23297946135238662)
('UBE2T', 'EGFR', 0.0385844061228038)
('UBE2T', 'ERBB2', 0.06778128739329972)
('UBE2T', 'ESR1', 0.22445693276903236)
('UBE2T', 'EXO1', 0.12729459550327185)
('UBE2T', 'FGFR4', -0.21107152805980195)
('UBE2T', 'FOXA1', -0.09296883774983869)
('UBE2T', 'FOXC1', 0.3279610894913043)
('UBE2T', 'GRB7', 0.06549334479693963)
('UBE2T', 'KIF2C', 0.12612731158344723)
('UBE2T', 'KRT14', -0.0327047828179435)
('UBE2T', 'KRT17', -0.0327047828179435)
('UBE2T', 'KRT5', -0.31161763556790073)
('UBE2T', 'MAPT', -0.03137672443890024)
('UBE2T', 'MELK', -0.038674650589777)
('UBE2T', 'MKI67', -0.1799085079782287)
('UBE2T', 'MLPH', -0.005563667558765227)
('UBE2T', 'MMP11', 0.10936791398440576)
('UBE2T', 'MYC', 0.42498849822928975)
('UBE2T', 'NAT1', 0.02931394846705176)
('UBE2T', 'NDC80', 0.06329446720576422)
('UBE2T', 'NUF2', 0.2371684908356593)
('UBE2T', 'PGR', 0.0745740878094762)
('UBE2T', 'PHGDH', 0.12269874146214631)
('UBE2T', 'RRM2', 0.18474281309879445)
('UBE2T', 'SFRP1', -0.03193048650611463)
('UBE2T', 'SLC39A6', 0.11901037266600568)
('UBE2T', 'TYMS', 0.15145360547998424)
('UBE2T', 'UBE2C', 0.22815642460071703)
('UBE2T', 'UBE2T', 0.1802455504474418)
