('ACTR3B', 'ACTR3B', 0.6543520563486305)
('ACTR3B', 'ANLN', 0.04498248974120069)
('ACTR3B', 'BAG1', 0.38642682245615)
('ACTR3B', 'BCL2', 0.09500459640844147)
('ACTR3B', 'BIRC5', 0.0034808521313819396)
('ACTR3B', 'BLVRA', 0.008892058420205198)
('ACTR3B', 'CCNB1', -0.4129956947053202)
('ACTR3B', 'CCNE1', 0.29828748596243077)
('ACTR3B', 'CDC20', 0.2957418942393175)
('ACTR3B', 'CDH3', 0.21681320750416427)
('ACTR3B', 'CENPF', 0.1393013174343456)
('ACTR3B', 'CEP55', -0.06803814463886283)
('ACTR3B', 'CXXC5', -0.4187861190025822)
('ACTR3B', 'EGFR', 0.09445432124793299)
('ACTR3B', 'ERBB2', -0.2431809055739552)
('ACTR3B', 'ESR1', 0.07644687859508649)
('ACTR3B', 'EXO1', 0.19831793200958936)
('ACTR3B', 'FGFR4', -0.4289736507583085)
('ACTR3B', 'FOXA1', -0.4023655948851203)
('ACTR3B', 'FOXC1', 0.24104996271344614)
('ACTR3B', 'GRB7', -0.2355470887893544)
('ACTR3B', 'KIF2C', 0.33576568789425626)
('ACTR3B', 'KRT14', 0.05297531803321885)
('ACTR3B', 'KRT17', 0.05297531803321885)
('ACTR3B', 'KRT5', -0.33417235621235325)
('ACTR3B', 'MAPT', -0.0694780297024019)
('ACTR3B', 'MELK', 0.17200957460195757)
('ACTR3B', 'MKI67', -0.2858849279758344)
('ACTR3B', 'MLPH', -0.14339872737459697)
('ACTR3B', 'MMP11', 0.10358955017810281)
('ACTR3B', 'MYC', 0.18745784522804307)
('ACTR3B', 'NAT1', -0.05747930607326957)
('ACTR3B', 'NDC80', 0.06249802741001052)
('ACTR3B', 'NUF2', 0.2760109835386584)
('ACTR3B', 'PGR', -0.0234163906457701)
('ACTR3B', 'PHGDH', 0.01834725162724409)
('ACTR3B', 'RRM2', 0.2970917066841009)
('ACTR3B', 'SFRP1', 0.11020230234624162)
('ACTR3B', 'SLC39A6', 0.31561374468837844)
('ACTR3B', 'TYMS', 0.12300089887529143)
('ACTR3B', 'UBE2C', -0.1455612057330141)
('ACTR3B', 'UBE2T', 0.08678012044759989)
('ANLN', 'ACTR3B', -0.07840545082090258)
('ANLN', 'ANLN', 0.053732123203425096)
('ANLN', 'BAG1', 0.023271232917287464)
('ANLN', 'BCL2', -0.1333261946200639)
('ANLN', 'BIRC5', 0.06605489737618295)
('ANLN', 'BLVRA', -0.005921142380222012)
('ANLN', 'CCNB1', -0.40527047703908337)
('ANLN', 'CCNE1', 0.13979247295088967)
('ANLN', 'CDC20', 0.21444539510876967)
('ANLN', 'CDH3', 0.24176485584589433)
('ANLN', 'CENPF', -0.069703927336645)
('ANLN', 'CEP55', -0.10643185633513058)
('ANLN', 'CXXC5', -0.32560841491198456)
('ANLN', 'EGFR', 0.05298111214503594)
('ANLN', 'ERBB2', 0.2882847003837199)
('ANLN', 'ESR1', 0.07511734592510985)
('ANLN', 'EXO1', 0.07399550154821455)
('ANLN', 'FGFR4', -0.3618255568000266)
('ANLN', 'FOXA1', -0.16297039616992873)
('ANLN', 'FOXC1', 0.23737774319778687)
('ANLN', 'GRB7', 0.27400737485758225)
('ANLN', 'KIF2C', 0.08315297191720379)
('ANLN', 'KRT14', -0.008112886532232607)
('ANLN', 'KRT17', -0.008112886532232607)
('ANLN', 'KRT5', -0.25044398344534474)
('ANLN', 'MAPT', -0.14222874345866743)
('ANLN', 'MELK', 0.042498141972174754)
('ANLN', 'MKI67', -0.10670333445313526)
('ANLN', 'MLPH', -0.17033788576534062)
('ANLN', 'MMP11', 0.06077150156229419)
('ANLN', 'MYC', 0.2025705454228968)
('ANLN', 'NAT1', 0.10665979757687363)
('ANLN', 'NDC80', 0.09478681419946508)
('ANLN', 'NUF2', 0.1777228484868912)
('ANLN', 'PGR', 0.09917467218183516)
('ANLN', 'PHGDH', 0.2680362854798176)
('ANLN', 'RRM2', 0.11583039996518987)
('ANLN', 'SFRP1', -0.01509666130751904)
('ANLN', 'SLC39A6', -0.01018105643583001)
('ANLN', 'TYMS', 0.11156225338522859)
('ANLN', 'UBE2C', 0.11601264172826935)
('ANLN', 'UBE2T', 0.054038274350898086)
('BAG1', 'ACTR3B', 0.23244243375703957)
('BAG1', 'ANLN', 0.020160685844642152)
('BAG1', 'BAG1', 0.2456783976461002)
('BAG1', 'BCL2', -0.0873847399199996)
('BAG1', 'BIRC5', -0.17122507298946607)
('BAG1', 'BLVRA', 0.014766864854861563)
('BAG1', 'CCNB1', 0.11068868638788791)
('BAG1', 'CCNE1', -0.004124417464048948)
('BAG1', 'CDC20', -0.14631444177883776)
('BAG1', 'CDH3', -0.2188849140514851)
('BAG1', 'CENPF', 0.283246969544278)
('BAG1', 'CEP55', 0.16900817441494564)
('BAG1', 'CXXC5', 0.05018767462929933)
('BAG1', 'EGFR', -0.13300575035525056)
('BAG1', 'ERBB2', -0.21152174164126453)
('BAG1', 'ESR1', -0.09586849650013127)
('BAG1', 'EXO1', -0.008308133899349868)
('BAG1', 'FGFR4', 0.06944990390116887)
('BAG1', 'FOXA1', -0.08844192033706666)
('BAG1', 'FOXC1', 0.009726908150496734)
('BAG1', 'GRB7', -0.20503398803685793)
('BAG1', 'KIF2C', -0.14099858504799428)
('BAG1', 'KRT14', 0.0022465983937946877)
('BAG1', 'KRT17', 0.0022465983937946877)
('BAG1', 'KRT5', 0.06124337596182042)
('BAG1', 'MAPT', 0.05852605857661975)
('BAG1', 'MELK', 0.08780858560122415)
('BAG1', 'MKI67', 0.08918565774068771)
('BAG1', 'MLPH', -0.07269455996650728)
('BAG1', 'MMP11', -0.043818975698759685)
('BAG1', 'MYC', -0.2594667377951987)
('BAG1', 'NAT1', 0.11754936813662378)
('BAG1', 'NDC80', -0.0964363814228119)
('BAG1', 'NUF2', 0.04370982552821027)
('BAG1', 'PGR', -0.07142562901486561)
('BAG1', 'PHGDH', -0.14983415439862363)
('BAG1', 'RRM2', -0.00852395200305079)
('BAG1', 'SFRP1', 0.0160120566942758)
('BAG1', 'SLC39A6', -0.10127101453204782)
('BAG1', 'TYMS', -0.12140099593567309)
('BAG1', 'UBE2C', 0.017303907114995902)
('BAG1', 'UBE2T', 0.23113849462907776)
('BCL2', 'ACTR3B', 0.12345226709699476)
('BCL2', 'ANLN', -0.15490606737366217)
('BCL2', 'BAG1', -0.11313702443310258)
('BCL2', 'BCL2', 0.43582801973385704)
('BCL2', 'BIRC5', 0.024820779958502886)
('BCL2', 'BLVRA', 0.04617600336661843)
('BCL2', 'CCNB1', 0.4643103233887117)
('BCL2', 'CCNE1', -0.11949712159793514)
('BCL2', 'CDC20', -0.12191026420228016)
('BCL2', 'CDH3', -0.25511524470632446)
('BCL2', 'CENPF', 0.04765888479067149)
('BCL2', 'CEP55', 0.05425569234943143)
('BCL2', 'CXXC5', 0.3605911859996821)
('BCL2', 'EGFR', -0.023379260117318498)
('BCL2', 'ERBB2', -0.24691081100678625)
('BCL2', 'ESR1', -0.12398192456505278)
('BCL2', 'EXO1', -0.06965134511568558)
('BCL2', 'FGFR4', 0.46122498821569125)
('BCL2', 'FOXA1', 0.259833336013285)
('BCL2', 'FOXC1', -0.3661846391609962)
('BCL2', 'GRB7', -0.22842835459745942)
('BCL2', 'KIF2C', -0.08851992742250216)
('BCL2', 'KRT14', 0.13371113074999177)
('BCL2', 'KRT17', 0.13371113074999177)
('BCL2', 'KRT5', 0.11286774579273998)
('BCL2', 'MAPT', 0.13408767748381276)
('BCL2', 'MELK', -0.03136097274979993)
('BCL2', 'MKI67', -0.13701307572884344)
('BCL2', 'MLPH', 0.17203134073362888)
('BCL2', 'MMP11', 0.031235341827243964)
('BCL2', 'MYC', -0.17086155784485413)
('BCL2', 'NAT1', -0.07114762030357827)
('BCL2', 'NDC80', 0.055323553386588356)
('BCL2', 'NUF2', -0.28916982699764426)
('BCL2', 'PGR', -0.4288515863099395)
('BCL2', 'PHGDH', -0.07329538336473174)
('BCL2', 'RRM2', 0.004908705991816357)
('BCL2', 'SFRP1', 0.02430862139233067)
('BCL2', 'SLC39A6', 0.25571781419929124)
('BCL2', 'TYMS', 0.03631138574251299)
('BCL2', 'UBE2C', 0.009209617862926203)
('BCL2', 'UBE2T', -0.07308438118676566)
('BIRC5', 'ACTR3B', 0.0413371110164997)
('BIRC5', 'ANLN', 0.012496334741600857)
('BIRC5', 'BAG1', -0.0650864093891775)
('BIRC5', 'BCL2', -0.051450908043700797)
('BIRC5', 'BIRC5', 0.542987820606749)
('BIRC5', 'BLVRA', -0.15666316319827317)
('BIRC5', 'CCNB1', -0.3436127001103903)
('BIRC5', 'CCNE1', 0.09754355196077859)
('BIRC5', 'CDC20', 0.24695695333820447)
('BIRC5', 'CDH3', 0.19987630689563507)
('BIRC5', 'CENPF', -0.2535696860147247)
('BIRC5', 'CEP55', -0.17613370884118423)
('BIRC5', 'CXXC5', -0.29688656531869684)
('BIRC5', 'EGFR', 0.078275544482071)
('BIRC5', 'ERBB2', -0.016207004878908023)
('BIRC5', 'ESR1', 0.3412406145046259)
('BIRC5', 'EXO1', -0.08985154034646327)
('BIRC5', 'FGFR4', -0.26652988070607553)
('BIRC5', 'FOXA1', -0.027516615286127793)
('BIRC5', 'FOXC1', 0.13564938856475578)
('BIRC5', 'GRB7', -0.04352667649246009)
('BIRC5', 'KIF2C', 0.24245215299439707)
('BIRC5', 'KRT14', -0.10839863411150927)
('BIRC5', 'KRT17', -0.10839863411150927)
('BIRC5', 'KRT5', -0.34890427574227734)
('BIRC5', 'MAPT', -0.033549869473088065)
('BIRC5', 'MELK', 0.03348545130351544)
('BIRC5', 'MKI67', -0.12382143513635453)
('BIRC5', 'MLPH', -0.12689997209954784)
('BIRC5', 'MMP11', 0.14430459943016374)
('BIRC5', 'MYC', 0.12606578426496393)
('BIRC5', 'NAT1', -0.005953612953205929)
('BIRC5', 'NDC80', 0.04926614033710571)
('BIRC5', 'NUF2', 0.041668331002470256)
('BIRC5', 'PGR', 0.007313927658358848)
('BIRC5', 'PHGDH', 0.1119667159005966)
('BIRC5', 'RRM2', 0.031870816266226946)
('BIRC5', 'SFRP1', -0.10070945524358839)
('BIRC5', 'SLC39A6', 0.12824722524432808)
('BIRC5', 'TYMS', 0.16348544777852905)
('BIRC5', 'UBE2C', 0.22152582729070827)
('BIRC5', 'UBE2T', -0.2245657644624657)
('BLVRA', 'ACTR3B', -0.08725513756870402)
('BLVRA', 'ANLN', 0.15786560219661627)
('BLVRA', 'BAG1', -0.24152746720797197)
('BLVRA', 'BCL2', 0.08171623242121032)
('BLVRA', 'BIRC5', 0.14687866253202617)
('BLVRA', 'BLVRA', 0.31185053215780617)
('BLVRA', 'CCNB1', 0.4848555928644999)
('BLVRA', 'CCNE1', -0.212360167209602)
('BLVRA', 'CDC20', -0.35915011429364563)
('BLVRA', 'CDH3', -0.06437687702749298)
('BLVRA', 'CENPF', 0.125842077404784)
('BLVRA', 'CEP55', 0.026792114897314385)
('BLVRA', 'CXXC5', 0.48604878694953596)
('BLVRA', 'EGFR', -0.10050731566836907)
('BLVRA', 'ERBB2', 0.1487352855755219)
('BLVRA', 'ESR1', 0.01916965006568885)
('BLVRA', 'EXO1', -0.18811825789189815)
('BLVRA', 'FGFR4', 0.5495757142881992)
('BLVRA', 'FOXA1', 0.35965854312139284)
('BLVRA', 'FOXC1', -0.1741597166055263)
('BLVRA', 'GRB7', 0.1346304682426546)
('BLVRA', 'KIF2C', -0.1661594283483504)
('BLVRA', 'KRT14', 0.1355497380521586)
('BLVRA', 'KRT17', 0.1355497380521586)
('BLVRA', 'KRT5', 0.36493264706046)
('BLVRA', 'MAPT', 0.1753288934128612)
('BLVRA', 'MELK', -0.07642224253100308)
('BLVRA', 'MKI67', 0.07251539133379521)
('BLVRA', 'MLPH', 0.4318844617343586)
('BLVRA', 'MMP11', -0.19081871287000957)
('BLVRA', 'MYC', -0.21694696678222725)
('BLVRA', 'NAT1', -0.061094869358249294)
('BLVRA', 'NDC80', -0.11586239015492461)
('BLVRA', 'NUF2', -0.13785624355997314)
('BLVRA', 'PGR', -0.20521999566079804)
('BLVRA', 'PHGDH', -0.19225350688812676)
('BLVRA', 'RRM2', -0.07341490973493464)
('BLVRA', 'SFRP1', 0.04464321585686432)
('BLVRA', 'SLC39A6', -0.07116947782085493)
('BLVRA', 'TYMS', -0.09506357880132638)
('BLVRA', 'UBE2C', 0.25730300490005376)
('BLVRA', 'UBE2T', 0.06843186898179886)
('CCNB1', 'ACTR3B', -0.02049401598764038)
('CCNB1', 'ANLN', -0.06291945043581311)
('CCNB1', 'BAG1', -0.15041992685113767)
('CCNB1', 'BCL2', 0.06593811897952358)
('CCNB1', 'BIRC5', 0.21092557290371436)
('CCNB1', 'BLVRA', -0.14802283862275453)
('CCNB1', 'CCNB1', 0.05763016737495885)
('CCNB1', 'CCNE1', 0.13324870847444661)
('CCNB1', 'CDC20', 0.06156338235671001)
('CCNB1', 'CDH3', 0.02345295672978217)
('CCNB1', 'CENPF', -0.04376619883842447)
('CCNB1', 'CEP55', 0.015208353894036212)
('CCNB1', 'CXXC5', 0.05571227162673307)
('CCNB1', 'EGFR', 0.07824771865533978)
('CCNB1', 'ERBB2', 0.21233706868182342)
('CCNB1', 'ESR1', 0.16107919478895052)
('CCNB1', 'EXO1', 0.026278186941017082)
('CCNB1', 'FGFR4', 0.03271520443166605)
('CCNB1', 'FOXA1', 0.00813381967237972)
('CCNB1', 'FOXC1', 0.046180392548423675)
('CCNB1', 'GRB7', 0.19713981038499973)
('CCNB1', 'KIF2C', 0.04957180298339671)
('CCNB1', 'KRT14', 0.06610672286724274)
('CCNB1', 'KRT17', 0.06610672286724274)
('CCNB1', 'KRT5', -0.08801756281673631)
('CCNB1', 'MAPT', 0.04872150544856796)
('CCNB1', 'MELK', -0.05283528047831811)
('CCNB1', 'MKI67', -0.09603689448437731)
('CCNB1', 'MLPH', -0.005895282863695291)
('CCNB1', 'MMP11', 0.11727999380606992)
('CCNB1', 'MYC', 0.20879348361577899)
('CCNB1', 'NAT1', 0.12100562090735538)
('CCNB1', 'NDC80', 0.10737430466973066)
('CCNB1', 'NUF2', 0.013060473950816444)
('CCNB1', 'PGR', -0.08211721147464751)
('CCNB1', 'PHGDH', 0.035440496692892405)
('CCNB1', 'RRM2', -0.0542443234773775)
('CCNB1', 'SFRP1', -0.06611384707774128)
('CCNB1', 'SLC39A6', 0.23003849159679232)
('CCNB1', 'TYMS', 0.21900231512483198)
('CCNB1', 'UBE2C', 0.26548517852384373)
('CCNB1', 'UBE2T', -0.08096846601456273)
('CCNE1', 'ACTR3B', 0.08195139308263358)
('CCNE1', 'ANLN', -0.09798672028279508)
('CCNE1', 'BAG1', 0.225027977528059)
('CCNE1', 'BCL2', -0.05338496237907467)
('CCNE1', 'BIRC5', 0.11478471467325112)
('CCNE1', 'BLVRA', -0.10198181285459383)
('CCNE1', 'CCNB1', -0.5269244268074921)
('CCNE1', 'CCNE1', 0.4882939444972107)
('CCNE1', 'CDC20', 0.4430781499420521)
('CCNE1', 'CDH3', 0.33231221557745116)
('CCNE1', 'CENPF', -0.15280134003895074)
('CCNE1', 'CEP55', 0.015624300080338693)
('CCNE1', 'CXXC5', -0.4200323165017644)
('CCNE1', 'EGFR', -0.02441673613227099)
('CCNE1', 'ERBB2', -0.006914832022872065)
('CCNE1', 'ESR1', 0.14881896439853773)
('CCNE1', 'EXO1', -0.008838530000330885)
('CCNE1', 'FGFR4', -0.509445761709314)
('CCNE1', 'FOXA1', -0.25377239774610977)
('CCNE1', 'FOXC1', 0.21830683010948507)
('CCNE1', 'GRB7', -0.014265071761164427)
('CCNE1', 'KIF2C', 0.24640158154878095)
('CCNE1', 'KRT14', -0.056584560358770054)
('CCNE1', 'KRT17', -0.056584560358770054)
('CCNE1', 'KRT5', -0.41956887970310197)
('CCNE1', 'MAPT', -0.12201836563431992)
('CCNE1', 'MELK', 0.16151433560157472)
('CCNE1', 'MKI67', -0.06681442819645203)
('CCNE1', 'MLPH', -0.03409979982267275)
('CCNE1', 'MMP11', 0.062071888352866346)
('CCNE1', 'MYC', 0.1934358017944428)
('CCNE1', 'NAT1', -0.05411795807011869)
('CCNE1', 'NDC80', 0.143547213816317)
('CCNE1', 'NUF2', 0.14265606303348133)
('CCNE1', 'PGR', 0.05722528497387365)
('CCNE1', 'PHGDH', 0.2976644630331577)
('CCNE1', 'RRM2', 0.20093240521700254)
('CCNE1', 'SFRP1', 0.0770630415908464)
('CCNE1', 'SLC39A6', 0.06847996310339995)
('CCNE1', 'TYMS', 0.15449515462103475)
('CCNE1', 'UBE2C', -0.04468078995699946)
('CCNE1', 'UBE2T', -0.11477798972923715)
('CDC20', 'ACTR3B', -0.018906392764908155)
('CDC20', 'ANLN', -0.08367349584918136)
('CDC20', 'BAG1', 0.06076546898222512)
('CDC20', 'BCL2', -0.044524285956518465)
('CDC20', 'BIRC5', 0.1528929533591449)
('CDC20', 'BLVRA', -0.19268096700148032)
('CDC20', 'CCNB1', -0.4759934566114186)
('CDC20', 'CCNE1', 0.21055736886467027)
('CDC20', 'CDC20', 0.4705703165139157)
('CDC20', 'CDH3', 0.26209669259483626)
('CDC20', 'CENPF', -0.21300383966552844)
('CDC20', 'CEP55', -0.05674785285840164)
('CDC20', 'CXXC5', -0.3868956663405736)
('CDC20', 'EGFR', 0.06824397491377238)
('CDC20', 'ERBB2', 0.07301678589133756)
('CDC20', 'ESR1', 0.10888641514479729)
('CDC20', 'EXO1', -0.06638182148483034)
('CDC20', 'FGFR4', -0.40441049153057307)
('CDC20', 'FOXA1', -0.12246777999158226)
('CDC20', 'FOXC1', 0.15997604518667916)
('CDC20', 'GRB7', 0.06241445692638034)
('CDC20', 'KIF2C', 0.3898191518644364)
('CDC20', 'KRT14', -0.12592014752042618)
('CDC20', 'KRT17', -0.12592014752042618)
('CDC20', 'KRT5', -0.3942017036451162)
('CDC20', 'MAPT', -0.14686969750035703)
('CDC20', 'MELK', 0.08057855704240459)
('CDC20', 'MKI67', -0.05753905523069564)
('CDC20', 'MLPH', -0.12150842199676232)
('CDC20', 'MMP11', 0.14072133785686888)
('CDC20', 'MYC', 0.213507566298903)
('CDC20', 'NAT1', -0.008242450024816881)
('CDC20', 'NDC80', 0.18569760411561886)
('CDC20', 'NUF2', -0.0028714643517073414)
('CDC20', 'PGR', -0.015493845194867885)
('CDC20', 'PHGDH', 0.30827386600778245)
('CDC20', 'RRM2', 0.03986821768252025)
('CDC20', 'SFRP1', -0.041100165763250956)
('CDC20', 'SLC39A6', 0.14789583403958043)
('CDC20', 'TYMS', 0.3011557005518597)
('CDC20', 'UBE2C', 0.12627440256112427)
('CDC20', 'UBE2T', -0.20542950095547594)
('CDH3', 'ACTR3B', -0.03224530999989759)
('CDH3', 'ANLN', -0.20600334081796154)
('CDH3', 'BAG1', 0.17977876847070842)
('CDH3', 'BCL2', 0.06590323220447424)
('CDH3', 'BIRC5', 0.03576827477423475)
('CDH3', 'BLVRA', -0.16949768641441568)
('CDH3', 'CCNB1', -0.42756899112509317)
('CDH3', 'CCNE1', 0.2736959369772937)
('CDH3', 'CDC20', 0.21809096766459352)
('CDH3', 'CDH3', 0.3602352760470572)
('CDH3', 'CENPF', -0.14937107026985902)
('CDH3', 'CEP55', 0.04879869234607348)
('CDH3', 'CXXC5', -0.32168985907551023)
('CDH3', 'EGFR', 0.01605985404156366)
('CDH3', 'ERBB2', -0.05556005983237876)
('CDH3', 'ESR1', 0.1066638110425597)
('CDH3', 'EXO1', 0.042331962360713404)
('CDH3', 'FGFR4', -0.4653656218292918)
('CDH3', 'FOXA1', -0.22274739885662467)
('CDH3', 'FOXC1', 0.08921602478530055)
('CDH3', 'GRB7', -0.05133429613332944)
('CDH3', 'KIF2C', 0.10698737663893838)
('CDH3', 'KRT14', -0.16266115698972908)
('CDH3', 'KRT17', -0.16266115698972908)
('CDH3', 'KRT5', -0.2786502887059373)
('CDH3', 'MAPT', -0.23205386274077514)
('CDH3', 'MELK', 0.10164986861593471)
('CDH3', 'MKI67', -0.002489129651418369)
('CDH3', 'MLPH', -0.09985464128606658)
('CDH3', 'MMP11', 0.09560448972591357)
('CDH3', 'MYC', 0.11742274809634716)
('CDH3', 'NAT1', -0.044409151603350835)
('CDH3', 'NDC80', 0.12633349954039455)
('CDH3', 'NUF2', 0.12229358591295748)
('CDH3', 'PGR', 0.17090194893296498)
('CDH3', 'PHGDH', 0.21581122288318727)
('CDH3', 'RRM2', 0.06816555110159497)
('CDH3', 'SFRP1', 0.06051809587360516)
('CDH3', 'SLC39A6', 0.15287847069319227)
('CDH3', 'TYMS', 0.1308190169888422)
('CDH3', 'UBE2C', 0.022488035519479043)
('CDH3', 'UBE2T', -0.11795984255009732)
('CENPF', 'ACTR3B', 0.030714116354720773)
('CENPF', 'ANLN', -0.1658118384213319)
('CENPF', 'BAG1', 0.12490480995098169)
('CENPF', 'BCL2', -0.04066830211183508)
('CENPF', 'BIRC5', -0.030156050599426963)
('CENPF', 'BLVRA', -0.15644743889451138)
('CENPF', 'CCNB1', -0.29600110694625975)
('CENPF', 'CCNE1', 0.2638215550282581)
('CENPF', 'CDC20', 0.14945856706032348)
('CENPF', 'CDH3', 0.12366504524626447)
('CENPF', 'CENPF', 0.30849761073097837)
('CENPF', 'CEP55', 0.06220381606409666)
('CENPF', 'CXXC5', -0.23582160757160184)
('CENPF', 'EGFR', 0.15429580924554046)
('CENPF', 'ERBB2', 0.20545711348404286)
('CENPF', 'ESR1', 0.110984067556334)
('CENPF', 'EXO1', 0.2446014992584173)
('CENPF', 'FGFR4', -0.2564934114757987)
('CENPF', 'FOXA1', -0.14577214060509394)
('CENPF', 'FOXC1', 0.13321897942335015)
('CENPF', 'GRB7', 0.1993369691222946)
('CENPF', 'KIF2C', 0.09771694699799699)
('CENPF', 'KRT14', 0.1729486700249137)
('CENPF', 'KRT17', 0.1729486700249137)
('CENPF', 'KRT5', -0.16276888593096825)
('CENPF', 'MAPT', -0.056988386122278294)
('CENPF', 'MELK', 0.036203973949602966)
('CENPF', 'MKI67', -0.04024887231669293)
('CENPF', 'MLPH', 0.05946808258616967)
('CENPF', 'MMP11', 0.06686331799018846)
('CENPF', 'MYC', 0.10235220672986053)
('CENPF', 'NAT1', 0.15765652894976043)
('CENPF', 'NDC80', 0.11755935590841346)
('CENPF', 'NUF2', 0.2760043882032307)
('CENPF', 'PGR', -0.042369948385680097)
('CENPF', 'PHGDH', 0.14181085481530484)
('CENPF', 'RRM2', 0.04731727355023571)
('CENPF', 'SFRP1', -0.0613107457389514)
('CENPF', 'SLC39A6', 0.13084180062682135)
('CENPF', 'TYMS', 0.18071075484919613)
('CENPF', 'UBE2C', 0.12409437563347356)
('CENPF', 'UBE2T', 0.2924490061896145)
('CEP55', 'ACTR3B', -0.06581692259269888)
('CEP55', 'ANLN', -0.15569340972081566)
('CEP55', 'BAG1', -0.006833826234803227)
('CEP55', 'BCL2', -0.0777284887104923)
('CEP55', 'BIRC5', 0.037861838298934275)
('CEP55', 'BLVRA', -0.15733451102316034)
('CEP55', 'CCNB1', -0.44371219359086406)
('CEP55', 'CCNE1', 0.15287556434833935)
('CEP55', 'CDC20', 0.21300995183225688)
('CEP55', 'CDH3', 0.22696150091644868)
('CEP55', 'CENPF', -0.11317714849133748)
('CEP55', 'CEP55', 0.1278581312694615)
('CEP55', 'CXXC5', -0.37982385049757844)
('CEP55', 'EGFR', 0.15132611525713585)
('CEP55', 'ERBB2', 0.14231549071424165)
('CEP55', 'ESR1', 0.1976047029021841)
('CEP55', 'EXO1', 0.06561492547802013)
('CEP55', 'FGFR4', -0.4261998559467095)
('CEP55', 'FOXA1', -0.14760482396617908)
('CEP55', 'FOXC1', 0.1541253648274439)
('CEP55', 'GRB7', 0.1433562083035965)
('CEP55', 'KIF2C', 0.176314545686685)
('CEP55', 'KRT14', -0.05431454034994673)
('CEP55', 'KRT17', -0.05431454034994673)
('CEP55', 'KRT5', -0.35076446539684986)
('CEP55', 'MAPT', -0.11007007572644067)
('CEP55', 'MELK', 0.03042054547883108)
('CEP55', 'MKI67', 0.05577802958537676)
('CEP55', 'MLPH', -0.15809920185589912)
('CEP55', 'MMP11', 0.06837930033157458)
('CEP55', 'MYC', 0.15953778800284502)
('CEP55', 'NAT1', 0.12957955805881294)
('CEP55', 'NDC80', 0.018586030622815185)
('CEP55', 'NUF2', 0.07258692983548126)
('CEP55', 'PGR', 0.04784395826839468)
('CEP55', 'PHGDH', 0.18050446969483702)
('CEP55', 'RRM2', 0.04051950261533048)
('CEP55', 'SFRP1', -0.08393132963949838)
('CEP55', 'SLC39A6', 0.05530332583178564)
('CEP55', 'TYMS', 0.10446713540251511)
('CEP55', 'UBE2C', 0.13029869012281342)
('CEP55', 'UBE2T', -0.05927212443295116)
('CXXC5', 'ACTR3B', -0.20387500134246725)
('CXXC5', 'ANLN', 0.006235174627731784)
('CXXC5', 'BAG1', -0.3351756442606583)
('CXXC5', 'BCL2', -0.020534275344222197)
('CXXC5', 'BIRC5', 0.1416625177090508)
('CXXC5', 'BLVRA', 0.035359586058097865)
('CXXC5', 'CCNB1', 0.6279252895456605)
('CXXC5', 'CCNE1', -0.28947213291999857)
('CXXC5', 'CDC20', -0.39483216349886996)
('CXXC5', 'CDH3', -0.33008352477530317)
('CXXC5', 'CENPF', 0.1481089903954515)
('CXXC5', 'CEP55', 0.005633076837814831)
('CXXC5', 'CXXC5', 0.6215773448102934)
('CXXC5', 'EGFR', -0.0517130455987109)
('CXXC5', 'ERBB2', 0.1135349560225983)
('CXXC5', 'ESR1', -0.07367719122633505)
('CXXC5', 'EXO1', -0.0006372914717726833)
('CXXC5', 'FGFR4', 0.6971211651328957)
('CXXC5', 'FOXA1', 0.3763874243562491)
('CXXC5', 'FOXC1', -0.38765780140825723)
('CXXC5', 'GRB7', 0.12790657217689402)
('CXXC5', 'KIF2C', -0.2843578886576643)
('CXXC5', 'KRT14', 0.18678913387249046)
('CXXC5', 'KRT17', 0.18678913387249046)
('CXXC5', 'KRT5', 0.45825257169517075)
('CXXC5', 'MAPT', 0.24299885295412793)
('CXXC5', 'MELK', -0.09443653300244952)
('CXXC5', 'MKI67', 0.14513549268619738)
('CXXC5', 'MLPH', 0.2708105252236072)
('CXXC5', 'MMP11', -0.15626656726920457)
('CXXC5', 'MYC', -0.20855028183930463)
('CXXC5', 'NAT1', 0.06780861625587467)
('CXXC5', 'NDC80', -0.15733499049970093)
('CXXC5', 'NUF2', -0.11069405761129707)
('CXXC5', 'PGR', -0.10125561504801212)
('CXXC5', 'PHGDH', -0.2513350772047849)
('CXXC5', 'RRM2', -0.20986788653170835)
('CXXC5', 'SFRP1', 0.07236531970226656)
('CXXC5', 'SLC39A6', -0.21330067648412931)
('CXXC5', 'TYMS', -0.2004917077665572)
('CXXC5', 'UBE2C', 0.26141448883529655)
('CXXC5', 'UBE2T', 0.16228545008435225)
('EGFR', 'ACTR3B', -0.00023548821752033438)
('EGFR', 'ANLN', -0.20681770952024375)
('EGFR', 'BAG1', 0.1708570159367375)
('EGFR', 'BCL2', -0.07145839007246686)
('EGFR', 'BIRC5', -0.046240220682379235)
('EGFR', 'BLVRA', -0.2918958053727031)
('EGFR', 'CCNB1', -0.4539112293252351)
('EGFR', 'CCNE1', 0.13438530955849604)
('EGFR', 'CDC20', 0.10956421773443445)
('EGFR', 'CDH3', 0.2545198949124472)
('EGFR', 'CENPF', -0.1244407744536818)
('EGFR', 'CEP55', 0.13358325051572278)
('EGFR', 'CXXC5', -0.39797889520163887)
('EGFR', 'EGFR', 0.34652691481513026)
('EGFR', 'ERBB2', -0.03130887406732933)
('EGFR', 'ESR1', 0.062234476358883906)
('EGFR', 'EXO1', 0.11839349065836127)
('EGFR', 'FGFR4', -0.4713300291647639)
('EGFR', 'FOXA1', -0.2160376378824505)
('EGFR', 'FOXC1', 0.0422499916992116)
('EGFR', 'GRB7', -0.035526327818525875)
('EGFR', 'KIF2C', -0.09139165562486187)
('EGFR', 'KRT14', -0.2423545559990512)
('EGFR', 'KRT17', -0.2423545559990512)
('EGFR', 'KRT5', -0.31282281518692323)
('EGFR', 'MAPT', -0.24843091018441307)
('EGFR', 'MELK', 0.13702932663004397)
('EGFR', 'MKI67', 0.11601235497233854)
('EGFR', 'MLPH', -0.11656920725311525)
('EGFR', 'MMP11', -0.10615050958466699)
('EGFR', 'MYC', -0.11561217712902157)
('EGFR', 'NAT1', 0.2602296683161922)
('EGFR', 'NDC80', -0.01933106213910409)
('EGFR', 'NUF2', 0.10045756142030336)
('EGFR', 'PGR', 0.27364351763751427)
('EGFR', 'PHGDH', 0.00795983993375476)
('EGFR', 'RRM2', 0.08134172851368451)
('EGFR', 'SFRP1', 0.015655091850471314)
('EGFR', 'SLC39A6', -0.07394655291434606)
('EGFR', 'TYMS', -0.051747039311736034)
('EGFR', 'UBE2C', -0.2742200237611599)
('EGFR', 'UBE2T', -0.020059786334566225)
('ERBB2', 'ACTR3B', -0.22259147303265361)
('ERBB2', 'ANLN', 0.07049997831326962)
('ERBB2', 'BAG1', 0.017758069664365744)
('ERBB2', 'BCL2', -0.17130783726766277)
('ERBB2', 'BIRC5', -0.1322597181324424)
('ERBB2', 'BLVRA', 0.17511160016661956)
('ERBB2', 'CCNB1', 0.12075871443413844)
('ERBB2', 'CCNE1', -0.11821446863896046)
('ERBB2', 'CDC20', -0.2191031114802022)
('ERBB2', 'CDH3', -0.01731545025950276)
('ERBB2', 'CENPF', 0.1587740002254443)
('ERBB2', 'CEP55', 0.06229914209771201)
('ERBB2', 'CXXC5', 0.09763250592365036)
('ERBB2', 'EGFR', 0.08323992916547061)
('ERBB2', 'ERBB2', 0.8919190320824528)
('ERBB2', 'ESR1', -0.09910928225014468)
('ERBB2', 'EXO1', -0.005582704332314991)
('ERBB2', 'FGFR4', 0.07974594047723779)
('ERBB2', 'FOXA1', -0.026011403022398613)
('ERBB2', 'FOXC1', 0.02739191818083952)
('ERBB2', 'GRB7', 0.8727770750434797)
('ERBB2', 'KIF2C', -0.22544573637890933)
('ERBB2', 'KRT14', 0.18855999781965002)
('ERBB2', 'KRT17', 0.18855999781965002)
('ERBB2', 'KRT5', 0.33301085086816296)
('ERBB2', 'MAPT', -0.006411236736577347)
('ERBB2', 'MELK', -0.04432641607412688)
('ERBB2', 'MKI67', 0.048756650438700914)
('ERBB2', 'MLPH', 0.05641362073252892)
('ERBB2', 'MMP11', 0.0919516801986701)
('ERBB2', 'MYC', 0.15061495032894928)
('ERBB2', 'NAT1', 0.13559414665499836)
('ERBB2', 'NDC80', -0.06840467230179459)
('ERBB2', 'NUF2', 0.15737060036761275)
('ERBB2', 'PGR', 0.08285109022686182)
('ERBB2', 'PHGDH', -0.09232804493091631)
('ERBB2', 'RRM2', 0.06563553895125004)
('ERBB2', 'SFRP1', 0.1245734268819793)
('ERBB2', 'SLC39A6', -0.22746321326770383)
('ERBB2', 'TYMS', -0.16840948244527618)
('ERBB2', 'UBE2C', 0.07356956431082434)
('ERBB2', 'UBE2T', 0.1831115050045042)
('ESR1', 'ACTR3B', -0.02141611331101097)
('ESR1', 'ANLN', 0.050138740755339646)
('ESR1', 'BAG1', -0.26662660699912166)
('ESR1', 'BCL2', 0.14501232224851934)
('ESR1', 'BIRC5', 0.15791545468909024)
('ESR1', 'BLVRA', 0.13470029156418525)
('ESR1', 'CCNB1', 0.6515905918407762)
('ESR1', 'CCNE1', -0.19282234532980663)
('ESR1', 'CDC20', -0.37955027884932)
('ESR1', 'CDH3', -0.3162671253912287)
('ESR1', 'CENPF', 0.24620745293822927)
('ESR1', 'CEP55', 0.017575758718706796)
('ESR1', 'CXXC5', 0.5935383543044093)
('ESR1', 'EGFR', -0.04877258269001681)
('ESR1', 'ERBB2', -0.08236413596782108)
('ESR1', 'ESR1', 0.04832427055601296)
('ESR1', 'EXO1', -0.02760789232427282)
('ESR1', 'FGFR4', 0.6423388298235846)
('ESR1', 'FOXA1', 0.36610159766887346)
('ESR1', 'FOXC1', -0.27081242603631694)
('ESR1', 'GRB7', -0.05301233268448991)
('ESR1', 'KIF2C', -0.2571366921177877)
('ESR1', 'KRT14', 0.2410193532202932)
('ESR1', 'KRT17', 0.2410193532202932)
('ESR1', 'KRT5', 0.31357635981777665)
('ESR1', 'MAPT', 0.2768450644228205)
('ESR1', 'MELK', -0.15436541321177932)
('ESR1', 'MKI67', 0.06380090535150859)
('ESR1', 'MLPH', 0.24173753687749136)
('ESR1', 'MMP11', -0.12150635223137048)
('ESR1', 'MYC', -0.2094057806596488)
('ESR1', 'NAT1', 0.040514070063839384)
('ESR1', 'NDC80', -0.03500760661622445)
('ESR1', 'NUF2', -0.04891718222095255)
('ESR1', 'PGR', -0.19329168355064977)
('ESR1', 'PHGDH', -0.20854856953677645)
('ESR1', 'RRM2', -0.19581598936142114)
('ESR1', 'SFRP1', -0.01922527538056288)
('ESR1', 'SLC39A6', -0.014932627707440867)
('ESR1', 'TYMS', -0.04650806340077828)
('ESR1', 'UBE2C', 0.22725670015086405)
('ESR1', 'UBE2T', 0.17590811540726192)
('EXO1', 'ACTR3B', -0.03579727863442576)
('EXO1', 'ANLN', -0.07563639647450737)
('EXO1', 'BAG1', -0.07616453116749443)
('EXO1', 'BCL2', -0.022247855166240112)
('EXO1', 'BIRC5', 0.13745917435704932)
('EXO1', 'BLVRA', -0.20812829660639168)
('EXO1', 'CCNB1', -0.3204046657507288)
('EXO1', 'CCNE1', 0.03584983579119811)
('EXO1', 'CDC20', 0.1725654956694166)
('EXO1', 'CDH3', 0.20741582736696665)
('EXO1', 'CENPF', 0.006993541296999539)
('EXO1', 'CEP55', -0.08025585224748806)
('EXO1', 'CXXC5', -0.2922004726265292)
('EXO1', 'EGFR', 0.17196496745841452)
('EXO1', 'ERBB2', 0.10189452827968802)
('EXO1', 'ESR1', 0.21733306198835584)
('EXO1', 'EXO1', 0.3670908098326109)
('EXO1', 'FGFR4', -0.30245348332892835)
('EXO1', 'FOXA1', -0.05374851278308212)
('EXO1', 'FOXC1', 0.10487311086139872)
('EXO1', 'GRB7', 0.09062917756964141)
('EXO1', 'KIF2C', 0.17534673816580468)
('EXO1', 'KRT14', -0.07384545470438125)
('EXO1', 'KRT17', -0.07384545470438125)
('EXO1', 'KRT5', -0.19841038868866143)
('EXO1', 'MAPT', 0.001451632293417036)
('EXO1', 'MELK', 0.008948038242246556)
('EXO1', 'MKI67', -0.1101981261558271)
('EXO1', 'MLPH', -0.2142280892822285)
('EXO1', 'MMP11', 0.1867914949714217)
('EXO1', 'MYC', 0.1976870762333343)
('EXO1', 'NAT1', 0.1346779885260072)
('EXO1', 'NDC80', -0.05737246062059725)
('EXO1', 'NUF2', 0.1469236473725747)
('EXO1', 'PGR', 0.06576552711266326)
('EXO1', 'PHGDH', 0.12438748365580725)
('EXO1', 'RRM2', 0.043699499958586824)
('EXO1', 'SFRP1', -0.17610287632712054)
('EXO1', 'SLC39A6', 0.11108614194595214)
('EXO1', 'TYMS', 0.00890052309196386)
('EXO1', 'UBE2C', 0.20907197321946097)
('EXO1', 'UBE2T', 0.03555407896987474)
('FGFR4', 'ACTR3B', -0.18834708670561442)
('FGFR4', 'ANLN', 0.025638213177109553)
('FGFR4', 'BAG1', 0.08532087743193158)
('FGFR4', 'BCL2', -0.022208994222198127)
('FGFR4', 'BIRC5', 0.09814796951919556)
('FGFR4', 'BLVRA', 0.026740049968328013)
('FGFR4', 'CCNB1', -0.1977757039570939)
('FGFR4', 'CCNE1', -0.03975073824497188)
('FGFR4', 'CDC20', -0.029449742108048613)
('FGFR4', 'CDH3', 0.09251701113592423)
('FGFR4', 'CENPF', -0.11155663605108944)
('FGFR4', 'CEP55', 0.047776417853843824)
('FGFR4', 'CXXC5', -0.1583689718595837)
('FGFR4', 'EGFR', 0.13190639628336304)
('FGFR4', 'ERBB2', 0.3797040834373159)
('FGFR4', 'ESR1', 0.14687901457450583)
('FGFR4', 'EXO1', -0.21894018854092992)
('FGFR4', 'FGFR4', -0.14667800435032874)
('FGFR4', 'FOXA1', -0.02846961098086285)
('FGFR4', 'FOXC1', 0.1760377501654831)
('FGFR4', 'GRB7', 0.3464567848159035)
('FGFR4', 'KIF2C', -0.07168660458758927)
('FGFR4', 'KRT14', -0.08562460130637575)
('FGFR4', 'KRT17', -0.08562460130637575)
('FGFR4', 'KRT5', 0.03901011832185835)
('FGFR4', 'MAPT', 0.020332738877649307)
('FGFR4', 'MELK', 0.05192876393591011)
('FGFR4', 'MKI67', -0.0014009042606895814)
('FGFR4', 'MLPH', 0.018387662884822173)
('FGFR4', 'MMP11', 0.17795189478171378)
('FGFR4', 'MYC', 0.24945127260549943)
('FGFR4', 'NAT1', -0.060343990972629456)
('FGFR4', 'NDC80', -0.14555394138943686)
('FGFR4', 'NUF2', -0.11033225121762036)
('FGFR4', 'PGR', -0.07694802395560497)
('FGFR4', 'PHGDH', -0.011955544249542422)
('FGFR4', 'RRM2', 0.204668677632341)
('FGFR4', 'SFRP1', 0.11452905308629736)
('FGFR4', 'SLC39A6', -0.11623295705662443)
('FGFR4', 'TYMS', -0.11682896939061012)
('FGFR4', 'UBE2C', 0.27877338009346514)
('FGFR4', 'UBE2T', -0.1077721365462674)
('FOXA1', 'ACTR3B', -0.21632396507371623)
('FOXA1', 'ANLN', 0.15252991259913903)
('FOXA1', 'BAG1', -0.348158550256627)
('FOXA1', 'BCL2', 0.012906058620141358)
('FOXA1', 'BIRC5', 0.03666585945904931)
('FOXA1', 'BLVRA', 0.14167046579104078)
('FOXA1', 'CCNB1', 0.5731988230687377)
('FOXA1', 'CCNE1', -0.38856881307658825)
('FOXA1', 'CDC20', -0.5238592062109427)
('FOXA1', 'CDH3', -0.28152261516316995)
('FOXA1', 'CENPF', 0.23271056583205088)
('FOXA1', 'CEP55', 0.07586486318263908)
('FOXA1', 'CXXC5', 0.4477138486804827)
('FOXA1', 'EGFR', 0.06610464917695429)
('FOXA1', 'ERBB2', 0.23835025147531286)
('FOXA1', 'ESR1', -0.0034220415967257728)
('FOXA1', 'EXO1', 0.06476076859694962)
('FOXA1', 'FGFR4', 0.554913830545481)
('FOXA1', 'FOXA1', 0.39487640766091286)
('FOXA1', 'FOXC1', -0.23750601113191075)
('FOXA1', 'GRB7', 0.23393553997262895)
('FOXA1', 'KIF2C', -0.4401144193687169)
('FOXA1', 'KRT14', 0.1157526780282811)
('FOXA1', 'KRT17', 0.1157526780282811)
('FOXA1', 'KRT5', 0.4809540187860105)
('FOXA1', 'MAPT', 0.21769604924039201)
('FOXA1', 'MELK', -0.22432001082412717)
('FOXA1', 'MKI67', 0.12280703288401607)
('FOXA1', 'MLPH', 0.15135412607098872)
('FOXA1', 'MMP11', -0.04157211313841316)
('FOXA1', 'MYC', -0.07488008027070076)
('FOXA1', 'NAT1', 0.033440165697864746)
('FOXA1', 'NDC80', -0.21312890756080916)
('FOXA1', 'NUF2', -0.06381288437195777)
('FOXA1', 'PGR', -0.15553868416722139)
('FOXA1', 'PHGDH', -0.2672116589811764)
('FOXA1', 'RRM2', -0.1403927046161512)
('FOXA1', 'SFRP1', -0.09216947681477197)
('FOXA1', 'SLC39A6', -0.21061832019928733)
('FOXA1', 'TYMS', -0.22495732708226363)
('FOXA1', 'UBE2C', 0.20107970413288584)
('FOXA1', 'UBE2T', 0.20884652102450543)
('FOXC1', 'ACTR3B', 0.17863769020258244)
('FOXC1', 'ANLN', -0.06388157665325338)
('FOXC1', 'BAG1', 0.3552875624747395)
('FOXC1', 'BCL2', -0.06396566110030388)
('FOXC1', 'BIRC5', -0.04836466657045235)
('FOXC1', 'BLVRA', -0.21827649689491982)
('FOXC1', 'CCNB1', -0.5955953327974198)
('FOXC1', 'CCNE1', 0.3744352205399067)
('FOXC1', 'CDC20', 0.3303576805669127)
('FOXC1', 'CDH3', 0.29539142519433964)
('FOXC1', 'CENPF', -0.09826381647135608)
('FOXC1', 'CEP55', -0.06181028260382816)
('FOXC1', 'CXXC5', -0.5143016147373299)
('FOXC1', 'EGFR', -0.10443146318864703)
('FOXC1', 'ERBB2', -0.24529906909401178)
('FOXC1', 'ESR1', 0.12524589120439453)
('FOXC1', 'EXO1', 0.11202409704066252)
('FOXC1', 'FGFR4', -0.6215118928631874)
('FOXC1', 'FOXA1', -0.32926234631543977)
('FOXC1', 'FOXC1', 0.2782531201652094)
('FOXC1', 'GRB7', -0.2511862046340016)
('FOXC1', 'KIF2C', 0.18437386952953966)
('FOXC1', 'KRT14', -0.22013259589083042)
('FOXC1', 'KRT17', -0.22013259589083042)
('FOXC1', 'KRT5', -0.477281383281091)
('FOXC1', 'MAPT', -0.31454646041947953)
('FOXC1', 'MELK', 0.22946733053533938)
('FOXC1', 'MKI67', -0.057979896059237535)
('FOXC1', 'MLPH', -0.20455408859811772)
('FOXC1', 'MMP11', 0.04408380439151131)
('FOXC1', 'MYC', 0.04390237022506749)
('FOXC1', 'NAT1', 0.016473541964081427)
('FOXC1', 'NDC80', 0.13210174115634218)
('FOXC1', 'NUF2', 0.21262578495206957)
('FOXC1', 'PGR', 0.24955122150152875)
('FOXC1', 'PHGDH', 0.15452147033147828)
('FOXC1', 'RRM2', 0.14468728792613764)
('FOXC1', 'SFRP1', 0.06884853892136653)
('FOXC1', 'SLC39A6', 0.04984709058800416)
('FOXC1', 'TYMS', 0.12582627045114148)
('FOXC1', 'UBE2C', -0.1879613956763339)
('FOXC1', 'UBE2T', -0.03664924968275434)
('GRB7', 'ACTR3B', -0.22728617581479493)
('GRB7', 'ANLN', 0.0434344417022182)
('GRB7', 'BAG1', 0.15402562889830068)
('GRB7', 'BCL2', -0.13606965030031437)
('GRB7', 'BIRC5', -0.17977207139880372)
('GRB7', 'BLVRA', 0.13278854131390758)
('GRB7', 'CCNB1', -0.049974782715829134)
('GRB7', 'CCNE1', 0.0032762838555787624)
('GRB7', 'CDC20', -0.0986282841788115)
('GRB7', 'CDH3', 0.07020405097885664)
('GRB7', 'CENPF', 0.11349892806362656)
('GRB7', 'CEP55', 0.03297135532957446)
('GRB7', 'CXXC5', -0.03639125731406745)
('GRB7', 'EGFR', 0.0704276936114307)
('GRB7', 'ERBB2', 0.8697369265333321)
('GRB7', 'ESR1', -0.12437195870559692)
('GRB7', 'EXO1', 0.00032260904277902486)
('GRB7', 'FGFR4', -0.07264245485895532)
('GRB7', 'FOXA1', -0.10667726622973538)
('GRB7', 'FOXC1', 0.1053170881544842)
('GRB7', 'GRB7', 0.8454903147371453)
('GRB7', 'KIF2C', -0.1728890241322133)
('GRB7', 'KRT14', 0.15191502141524288)
('GRB7', 'KRT17', 0.15191502141524288)
('GRB7', 'KRT5', 0.20144359554072955)
('GRB7', 'MAPT', -0.08727065084098318)
('GRB7', 'MELK', 0.06246721861915837)
('GRB7', 'MKI67', -0.0029320829056825345)
('GRB7', 'MLPH', 0.03788873955568938)
('GRB7', 'MMP11', 0.1834521509090533)
('GRB7', 'MYC', 0.2015287277523403)
('GRB7', 'NAT1', 0.09823612574638728)
('GRB7', 'NDC80', 0.020874743143604737)
('GRB7', 'NUF2', 0.1841132501998409)
('GRB7', 'PGR', 0.11940161804556657)
('GRB7', 'PHGDH', 0.036938619109962455)
('GRB7', 'RRM2', 0.07251894142488292)
('GRB7', 'SFRP1', 0.11710345937000839)
('GRB7', 'SLC39A6', -0.1656947344072962)
('GRB7', 'TYMS', -0.06501376769132339)
('GRB7', 'UBE2C', 0.029450715401493865)
('GRB7', 'UBE2T', 0.13803781887896543)
('KIF2C', 'ACTR3B', 0.03694225612063902)
('KIF2C', 'ANLN', -0.10327080084597755)
('KIF2C', 'BAG1', -0.0650225239643373)
('KIF2C', 'BCL2', -0.006688811777686581)
('KIF2C', 'BIRC5', 0.18008766708855084)
('KIF2C', 'BLVRA', -0.17083061537964056)
('KIF2C', 'CCNB1', -0.4136403340826338)
('KIF2C', 'CCNE1', 0.12486276403661715)
('KIF2C', 'CDC20', 0.33065762958772327)
('KIF2C', 'CDH3', 0.1859393766227499)
('KIF2C', 'CENPF', -0.19184674844570035)
('KIF2C', 'CEP55', -0.07858887893088952)
('KIF2C', 'CXXC5', -0.35266626136270507)
('KIF2C', 'EGFR', 0.1147680946209105)
('KIF2C', 'ERBB2', 0.04218239269898766)
('KIF2C', 'ESR1', 0.12387408512356894)
('KIF2C', 'EXO1', -0.0024616586959465836)
('KIF2C', 'FGFR4', -0.32873550494976045)
('KIF2C', 'FOXA1', -0.07086388758188675)
('KIF2C', 'FOXC1', 0.06333635405574152)
('KIF2C', 'GRB7', 0.034060616343979264)
('KIF2C', 'KIF2C', 0.45607857009589087)
('KIF2C', 'KRT14', -0.06426377098385486)
('KIF2C', 'KRT17', -0.06426377098385486)
('KIF2C', 'KRT5', -0.34341449867322216)
('KIF2C', 'MAPT', -0.04866528454392982)
('KIF2C', 'MELK', -0.018989987647105376)
('KIF2C', 'MKI67', -0.09488965251101668)
('KIF2C', 'MLPH', -0.16272704615057132)
('KIF2C', 'MMP11', 0.17862226655664706)
('KIF2C', 'MYC', 0.24215385364992933)
('KIF2C', 'NAT1', 0.018037256449881134)
('KIF2C', 'NDC80', 0.07291959933029556)
('KIF2C', 'NUF2', -0.038674808502274005)
('KIF2C', 'PGR', -0.03326741562630259)
('KIF2C', 'PHGDH', 0.18986096310115838)
('KIF2C', 'RRM2', 0.04286162657594611)
('KIF2C', 'SFRP1', -0.06361881362355733)
('KIF2C', 'SLC39A6', 0.20331125079582074)
('KIF2C', 'TYMS', 0.16105301088302293)
('KIF2C', 'UBE2C', 0.20589687143325608)
('KIF2C', 'UBE2T', -0.1801964513760446)
('KRT14', 'ACTR3B', nan)
('KRT14', 'ANLN', nan)
('KRT14', 'BAG1', nan)
('KRT14', 'BCL2', nan)
('KRT14', 'BIRC5', nan)
('KRT14', 'BLVRA', nan)
('KRT14', 'CCNB1', nan)
('KRT14', 'CCNE1', nan)
('KRT14', 'CDC20', nan)
('KRT14', 'CDH3', nan)
('KRT14', 'CENPF', nan)
('KRT14', 'CEP55', nan)
('KRT14', 'CXXC5', nan)
('KRT14', 'EGFR', nan)
('KRT14', 'ERBB2', nan)
('KRT14', 'ESR1', nan)
('KRT14', 'EXO1', nan)
('KRT14', 'FGFR4', nan)
('KRT14', 'FOXA1', nan)
('KRT14', 'FOXC1', nan)
('KRT14', 'GRB7', nan)
('KRT14', 'KIF2C', nan)
('KRT14', 'KRT14', nan)
('KRT14', 'KRT17', nan)
('KRT14', 'KRT5', nan)
('KRT14', 'MAPT', nan)
('KRT14', 'MELK', nan)
('KRT14', 'MKI67', nan)
('KRT14', 'MLPH', nan)
('KRT14', 'MMP11', nan)
('KRT14', 'MYC', nan)
('KRT14', 'NAT1', nan)
('KRT14', 'NDC80', nan)
('KRT14', 'NUF2', nan)
('KRT14', 'PGR', nan)
('KRT14', 'PHGDH', nan)
('KRT14', 'RRM2', nan)
('KRT14', 'SFRP1', nan)
('KRT14', 'SLC39A6', nan)
('KRT14', 'TYMS', nan)
('KRT14', 'UBE2C', nan)
('KRT14', 'UBE2T', nan)
('KRT17', 'ACTR3B', 0.11359554573498402)
('KRT17', 'ANLN', -0.2770671547701985)
('KRT17', 'BAG1', 0.1726979467828085)
('KRT17', 'BCL2', 0.031058798282812296)
('KRT17', 'BIRC5', -0.04665202222437941)
('KRT17', 'BLVRA', -0.19994343080553414)
('KRT17', 'CCNB1', -0.4007746222775394)
('KRT17', 'CCNE1', 0.13073557043315798)
('KRT17', 'CDC20', 0.19599073085586935)
('KRT17', 'CDH3', 0.15810111239925714)
('KRT17', 'CENPF', -0.21479650441945716)
('KRT17', 'CEP55', 0.14039470944860674)
('KRT17', 'CXXC5', -0.3867485343613503)
('KRT17', 'EGFR', -0.2381107322044884)
('KRT17', 'ERBB2', -0.1443080776520581)
('KRT17', 'ESR1', 0.04082575702563489)
('KRT17', 'EXO1', 0.0015563443575850977)
('KRT17', 'FGFR4', -0.48977525947859685)
('KRT17', 'FOXA1', -0.2296612209401529)
('KRT17', 'FOXC1', -0.027722952330310077)
('KRT17', 'GRB7', -0.15551220655941977)
('KRT17', 'KIF2C', 0.0287248617886311)
('KRT17', 'KRT14', -0.2583192040216196)
('KRT17', 'KRT17', -0.2583192040216196)
('KRT17', 'KRT5', -0.382272444159691)
('KRT17', 'MAPT', -0.19070474558013764)
('KRT17', 'MELK', 0.2107661028606787)
('KRT17', 'MKI67', -0.054941456906621555)
('KRT17', 'MLPH', -0.14021468108116408)
('KRT17', 'MMP11', 0.03859800876906086)
('KRT17', 'MYC', 0.06350509556170551)
('KRT17', 'NAT1', -0.04306400090502235)
('KRT17', 'NDC80', 0.05436779165070381)
('KRT17', 'NUF2', 0.050551587232842615)
('KRT17', 'PGR', 0.13661591014375912)
('KRT17', 'PHGDH', 0.08740878733005511)
('KRT17', 'RRM2', 0.17842609494142478)
('KRT17', 'SFRP1', 0.014819221180459875)
('KRT17', 'SLC39A6', 0.08608568507950506)
('KRT17', 'TYMS', 0.006694545053782227)
('KRT17', 'UBE2C', -0.1326115987014637)
('KRT17', 'UBE2T', -0.2091742548121046)
('KRT5', 'ACTR3B', nan)
('KRT5', 'ANLN', nan)
('KRT5', 'BAG1', nan)
('KRT5', 'BCL2', nan)
('KRT5', 'BIRC5', nan)
('KRT5', 'BLVRA', nan)
('KRT5', 'CCNB1', nan)
('KRT5', 'CCNE1', nan)
('KRT5', 'CDC20', nan)
('KRT5', 'CDH3', nan)
('KRT5', 'CENPF', nan)
('KRT5', 'CEP55', nan)
('KRT5', 'CXXC5', nan)
('KRT5', 'EGFR', nan)
('KRT5', 'ERBB2', nan)
('KRT5', 'ESR1', nan)
('KRT5', 'EXO1', nan)
('KRT5', 'FGFR4', nan)
('KRT5', 'FOXA1', nan)
('KRT5', 'FOXC1', nan)
('KRT5', 'GRB7', nan)
('KRT5', 'KIF2C', nan)
('KRT5', 'KRT14', nan)
('KRT5', 'KRT17', nan)
('KRT5', 'KRT5', nan)
('KRT5', 'MAPT', nan)
('KRT5', 'MELK', nan)
('KRT5', 'MKI67', nan)
('KRT5', 'MLPH', nan)
('KRT5', 'MMP11', nan)
('KRT5', 'MYC', nan)
('KRT5', 'NAT1', nan)
('KRT5', 'NDC80', nan)
('KRT5', 'NUF2', nan)
('KRT5', 'PGR', nan)
('KRT5', 'PHGDH', nan)
('KRT5', 'RRM2', nan)
('KRT5', 'SFRP1', nan)
('KRT5', 'SLC39A6', nan)
('KRT5', 'TYMS', nan)
('KRT5', 'UBE2C', nan)
('KRT5', 'UBE2T', nan)
('MAPT', 'ACTR3B', 0.16908593706233807)
('MAPT', 'ANLN', -0.043123099896855054)
('MAPT', 'BAG1', -0.05562271079832618)
('MAPT', 'BCL2', 0.11178977385360667)
('MAPT', 'BIRC5', -0.06892374617325313)
('MAPT', 'BLVRA', 0.11546680761498095)
('MAPT', 'CCNB1', 0.5001990192322684)
('MAPT', 'CCNE1', -0.034887181028677945)
('MAPT', 'CDC20', -0.24503854695739802)
('MAPT', 'CDH3', -0.32631885780756814)
('MAPT', 'CENPF', 0.3454563682706233)
('MAPT', 'CEP55', 0.18793554918455646)
('MAPT', 'CXXC5', 0.44466181738473143)
('MAPT', 'EGFR', -0.1817792400323925)
('MAPT', 'ERBB2', 0.04834890037224057)
('MAPT', 'ESR1', -0.05955456189943773)
('MAPT', 'EXO1', 0.05243850538347808)
('MAPT', 'FGFR4', 0.5530469291434628)
('MAPT', 'FOXA1', 0.20323644030916144)
('MAPT', 'FOXC1', -0.26834100556017604)
('MAPT', 'GRB7', 0.07444608518808196)
('MAPT', 'KIF2C', -0.2607333554207755)
('MAPT', 'KRT14', 0.3457078797259277)
('MAPT', 'KRT17', 0.3457078797259277)
('MAPT', 'KRT5', 0.2575802319329499)
('MAPT', 'MAPT', 0.32471664292893293)
('MAPT', 'MELK', -0.07239873457889819)
('MAPT', 'MKI67', 0.03698119495163535)
('MAPT', 'MLPH', 0.2827921074650539)
('MAPT', 'MMP11', -0.13644396627551908)
('MAPT', 'MYC', -0.11897772447545182)
('MAPT', 'NAT1', 0.006588472170576939)
('MAPT', 'NDC80', -0.042889375278551335)
('MAPT', 'NUF2', 0.044953514153960095)
('MAPT', 'PGR', -0.15254419652381526)
('MAPT', 'PHGDH', -0.16983319682989656)
('MAPT', 'RRM2', 0.0476106392500191)
('MAPT', 'SFRP1', 0.058269578144310524)
('MAPT', 'SLC39A6', -0.02290415226515677)
('MAPT', 'TYMS', -0.11326754777992261)
('MAPT', 'UBE2C', 0.005853162368419211)
('MAPT', 'UBE2T', 0.2631057789470911)
('MELK', 'ACTR3B', 0.01666089612140502)
('MELK', 'ANLN', -0.12529329552721527)
('MELK', 'BAG1', 0.21007197429789415)
('MELK', 'BCL2', -0.1223010589205644)
('MELK', 'BIRC5', 0.10363570702670165)
('MELK', 'BLVRA', -0.2057453767522208)
('MELK', 'CCNB1', -0.44466091981336864)
('MELK', 'CCNE1', 0.18672881457477813)
('MELK', 'CDC20', 0.23930500060410329)
('MELK', 'CDH3', 0.28848559772946597)
('MELK', 'CENPF', -0.10888034015762053)
('MELK', 'CEP55', -0.05931292345990602)
('MELK', 'CXXC5', -0.3495321098956347)
('MELK', 'EGFR', 0.07558132962331854)
('MELK', 'ERBB2', 0.1280025417750215)
('MELK', 'ESR1', 0.11642220848452346)
('MELK', 'EXO1', -0.01821146654060601)
('MELK', 'FGFR4', -0.36053935344374)
('MELK', 'FOXA1', -0.10195753716634566)
('MELK', 'FOXC1', 0.20888018428503188)
('MELK', 'GRB7', 0.12604325940072714)
('MELK', 'KIF2C', 0.155002568828115)
('MELK', 'KRT14', -0.10331044644009454)
('MELK', 'KRT17', -0.10331044644009454)
('MELK', 'KRT5', -0.31243220505462266)
('MELK', 'MAPT', -0.09563953967745716)
('MELK', 'MELK', 0.38832084231823955)
('MELK', 'MKI67', -0.023515427234993776)
('MELK', 'MLPH', -0.040585849858435774)
('MELK', 'MMP11', 0.0634360185000997)
('MELK', 'MYC', 0.10522865673025421)
('MELK', 'NAT1', 0.04620143026753396)
('MELK', 'NDC80', 0.0753827400432456)
('MELK', 'NUF2', 0.1184470250251822)
('MELK', 'PGR', 0.07814618681757116)
('MELK', 'PHGDH', 0.1482419300646148)
('MELK', 'RRM2', 0.022248128084184682)
('MELK', 'SFRP1', -0.052110417805644245)
('MELK', 'SLC39A6', 0.01841074333252736)
('MELK', 'TYMS', 0.1059652707815916)
('MELK', 'UBE2C', 0.04509516154016015)
('MELK', 'UBE2T', -0.031659072709289894)
('MKI67', 'ACTR3B', -0.18700410567129183)
('MKI67', 'ANLN', -0.14930138716429375)
('MKI67', 'BAG1', -0.057396122491711166)
('MKI67', 'BCL2', -0.10198793619847553)
('MKI67', 'BIRC5', 0.04044778506077298)
('MKI67', 'BLVRA', -0.17569956499180459)
('MKI67', 'CCNB1', -0.29212922519357265)
('MKI67', 'CCNE1', 0.1252821676642826)
('MKI67', 'CDC20', 0.16538243633617838)
('MKI67', 'CDH3', 0.06408769478419048)
('MKI67', 'CENPF', -0.1514100464471468)
('MKI67', 'CEP55', 0.17207662600237766)
('MKI67', 'CXXC5', -0.2163954931121703)
('MKI67', 'EGFR', 0.16396579352734675)
('MKI67', 'ERBB2', 0.16078353300484416)
('MKI67', 'ESR1', 0.10111905105272971)
('MKI67', 'EXO1', -0.0002470235991956795)
('MKI67', 'FGFR4', -0.28348061257821233)
('MKI67', 'FOXA1', -0.06384963704467506)
('MKI67', 'FOXC1', 0.014990614459947888)
('MKI67', 'GRB7', 0.150246431011033)
('MKI67', 'KIF2C', 0.06525137606489037)
('MKI67', 'KRT14', -0.002453537084823873)
('MKI67', 'KRT17', -0.002453537084823873)
('MKI67', 'KRT5', -0.1716991980040335)
('MKI67', 'MAPT', -0.10490383480739535)
('MKI67', 'MELK', 0.05128069925846051)
('MKI67', 'MKI67', 0.28373961061310343)
('MKI67', 'MLPH', -0.11937842131354345)
('MKI67', 'MMP11', 0.05911226067432413)
('MKI67', 'MYC', 0.046857254262588216)
('MKI67', 'NAT1', 0.16111721736110854)
('MKI67', 'NDC80', 0.047283616761819226)
('MKI67', 'NUF2', -0.030897576803343686)
('MKI67', 'PGR', 0.0005125238307496319)
('MKI67', 'PHGDH', 0.1896989047583586)
('MKI67', 'RRM2', -0.12564867416938325)
('MKI67', 'SFRP1', -0.10328624461415366)
('MKI67', 'SLC39A6', -0.08361814191156716)
('MKI67', 'TYMS', 0.028639222408684894)
('MKI67', 'UBE2C', 0.015365893194331228)
('MKI67', 'UBE2T', -0.07766214820087894)
('MLPH', 'ACTR3B', -0.20537433496093027)
('MLPH', 'ANLN', 0.06846555033860874)
('MLPH', 'BAG1', -0.3285885396428407)
('MLPH', 'BCL2', 0.01578676151004642)
('MLPH', 'BIRC5', 0.028846593170936904)
('MLPH', 'BLVRA', 0.05345684784231973)
('MLPH', 'CCNB1', 0.559970059486858)
('MLPH', 'CCNE1', -0.30450948796671573)
('MLPH', 'CDC20', -0.46277028390753694)
('MLPH', 'CDH3', -0.3055563616241547)
('MLPH', 'CENPF', 0.22245930930108335)
('MLPH', 'CEP55', -0.025655016802132977)
('MLPH', 'CXXC5', 0.4826283553115377)
('MLPH', 'EGFR', -0.12973061806420585)
('MLPH', 'ERBB2', 0.18938800762019736)
('MLPH', 'ESR1', -0.037360134934980686)
('MLPH', 'EXO1', -0.0863672944553006)
('MLPH', 'FGFR4', 0.5687736499126174)
('MLPH', 'FOXA1', 0.3818516012612957)
('MLPH', 'FOXC1', -0.2284232656704562)
('MLPH', 'GRB7', 0.18666522716361963)
('MLPH', 'KIF2C', -0.3387614338249535)
('MLPH', 'KRT14', 0.19696736645128213)
('MLPH', 'KRT17', 0.19696736645128213)
('MLPH', 'KRT5', 0.4403742556102261)
('MLPH', 'MAPT', 0.22069563126179906)
('MLPH', 'MELK', -0.09235636230272005)
('MLPH', 'MKI67', 0.2051858068030385)
('MLPH', 'MLPH', 0.31740824964055664)
('MLPH', 'MMP11', -0.06794185896845562)
('MLPH', 'MYC', -0.20820861052081832)
('MLPH', 'NAT1', -0.01875089314021019)
('MLPH', 'NDC80', -0.026134419346371514)
('MLPH', 'NUF2', -0.03913525996573272)
('MLPH', 'PGR', -0.06049008591268293)
('MLPH', 'PHGDH', -0.22458020187344804)
('MLPH', 'RRM2', -0.2663326959521755)
('MLPH', 'SFRP1', -0.03377795620558903)
('MLPH', 'SLC39A6', -0.19866449989822113)
('MLPH', 'TYMS', -0.09576549802247726)
('MLPH', 'UBE2C', 0.17545811551199533)
('MLPH', 'UBE2T', 0.22401320627046076)
('MMP11', 'ACTR3B', -0.3044864266902864)
('MMP11', 'ANLN', -0.07116538399048791)
('MMP11', 'BAG1', -0.18073195594059682)
('MMP11', 'BCL2', -0.010962613354893326)
('MMP11', 'BIRC5', -0.04259871484180055)
('MMP11', 'BLVRA', -0.11148438262754855)
('MMP11', 'CCNB1', 0.10318788365809449)
('MMP11', 'CCNE1', -0.15482669582851724)
('MMP11', 'CDC20', -0.22923986123876175)
('MMP11', 'CDH3', -0.06175401304365166)
('MMP11', 'CENPF', -0.010567261211588751)
('MMP11', 'CEP55', 0.16435499870633874)
('MMP11', 'CXXC5', 0.10321336213697832)
('MMP11', 'EGFR', -0.18719257295842714)
('MMP11', 'ERBB2', 0.23079357592135258)
('MMP11', 'ESR1', 0.10181043736468826)
('MMP11', 'EXO1', 0.09077633882637394)
('MMP11', 'FGFR4', 0.09706321381811377)
('MMP11', 'FOXA1', 0.13279792009507835)
('MMP11', 'FOXC1', -0.0893055507754361)
('MMP11', 'GRB7', 0.22632378440425507)
('MMP11', 'KIF2C', -0.2266958410903218)
('MMP11', 'KRT14', -0.12506021937449543)
('MMP11', 'KRT17', -0.12506021937449543)
('MMP11', 'KRT5', 0.10967696044269563)
('MMP11', 'MAPT', -0.13542814698312328)
('MMP11', 'MELK', -0.04814281812619033)
('MMP11', 'MKI67', 0.21117853041786067)
('MMP11', 'MLPH', -0.008103873212884583)
('MMP11', 'MMP11', -0.018125406008894028)
('MMP11', 'MYC', -0.03123396180450883)
('MMP11', 'NAT1', 0.04427179658086056)
('MMP11', 'NDC80', -0.08838421899939905)
('MMP11', 'NUF2', -0.007169663609021535)
('MMP11', 'PGR', 0.16683006128319824)
('MMP11', 'PHGDH', -0.10944200131292077)
('MMP11', 'RRM2', -0.08595379611791575)
('MMP11', 'SFRP1', -0.008301679839856165)
('MMP11', 'SLC39A6', -0.18151889642762611)
('MMP11', 'TYMS', -0.21422492000343057)
('MMP11', 'UBE2C', 0.11794231027633638)
('MMP11', 'UBE2T', 0.07930393078257711)
('MYC', 'ACTR3B', 0.029575804550757034)
('MYC', 'ANLN', -0.20194986583528532)
('MYC', 'BAG1', 0.15664426861099356)
('MYC', 'BCL2', 0.15090272543016173)
('MYC', 'BIRC5', -0.022154214492587698)
('MYC', 'BLVRA', -0.24976930421385382)
('MYC', 'CCNB1', -0.29768099260759934)
('MYC', 'CCNE1', 0.31634127892271335)
('MYC', 'CDC20', 0.24472420070305825)
('MYC', 'CDH3', -0.08854215709607537)
('MYC', 'CENPF', -0.07375026775034496)
('MYC', 'CEP55', 0.1099654046642254)
('MYC', 'CXXC5', -0.2984601663148907)
('MYC', 'EGFR', -0.051788921454954694)
('MYC', 'ERBB2', -0.2687487939211283)
('MYC', 'ESR1', 0.03323788664642717)
('MYC', 'EXO1', 0.06983522721897442)
('MYC', 'FGFR4', -0.30902807439433616)
('MYC', 'FOXA1', -0.11634567471253202)
('MYC', 'FOXC1', -0.06374627596528942)
('MYC', 'GRB7', -0.30445372993414443)
('MYC', 'KIF2C', 0.046600209869432516)
('MYC', 'KRT14', -0.08726983472570907)
('MYC', 'KRT17', -0.08726983472570907)
('MYC', 'KRT5', -0.3884091915911643)
('MYC', 'MAPT', -0.20486840171708132)
('MYC', 'MELK', 0.08053556753657681)
('MYC', 'MKI67', -0.07535002060006672)
('MYC', 'MLPH', -0.0495464601485697)
('MYC', 'MMP11', 0.21768548304302585)
('MYC', 'MYC', 0.23022007780815446)
('MYC', 'NAT1', 0.023961121479317803)
('MYC', 'NDC80', 0.07019701816783222)
('MYC', 'NUF2', -0.011757546238356249)
('MYC', 'PGR', -0.17988903299605263)
('MYC', 'PHGDH', 0.19940100422814647)
('MYC', 'RRM2', 0.15619651806516008)
('MYC', 'SFRP1', 0.035311230938295836)
('MYC', 'SLC39A6', 0.18319700317331097)
('MYC', 'TYMS', 0.0943010178563415)
('MYC', 'UBE2C', -0.10792571778769595)
('MYC', 'UBE2T', -0.08383143075851125)
('NAT1', 'ACTR3B', -0.04729246189925913)
('NAT1', 'ANLN', 0.06863369210774378)
('NAT1', 'BAG1', -0.27962105724424097)
('NAT1', 'BCL2', 0.014939548523466056)
('NAT1', 'BIRC5', -0.10970666164925974)
('NAT1', 'BLVRA', 0.19483397409142578)
('NAT1', 'CCNB1', 0.5126083717521536)
('NAT1', 'CCNE1', -0.2970280416011858)
('NAT1', 'CDC20', -0.4068835458844786)
('NAT1', 'CDH3', -0.20166140116351208)
('NAT1', 'CENPF', 0.33816238689598344)
('NAT1', 'CEP55', 0.24338583931377017)
('NAT1', 'CXXC5', 0.46801444964198535)
('NAT1', 'EGFR', 0.15577754614490943)
('NAT1', 'ERBB2', 0.14055587187690924)
('NAT1', 'ESR1', -0.1255364722750763)
('NAT1', 'EXO1', 0.04279999395158964)
('NAT1', 'FGFR4', 0.444801031106186)
('NAT1', 'FOXA1', 0.19163720378276275)
('NAT1', 'FOXC1', -0.29286412707117293)
('NAT1', 'GRB7', 0.16432028430935874)
('NAT1', 'KIF2C', -0.34363461864165845)
('NAT1', 'KRT14', 0.1253971831481941)
('NAT1', 'KRT17', 0.1253971831481941)
('NAT1', 'KRT5', 0.33824379029672685)
('NAT1', 'MAPT', 0.03476421364177141)
('NAT1', 'MELK', -0.14323061037103688)
('NAT1', 'MKI67', 0.24335082815941947)
('NAT1', 'MLPH', 0.1626681066325405)
('NAT1', 'MMP11', -0.294292653637063)
('NAT1', 'MYC', -0.13777518100655897)
('NAT1', 'NAT1', 0.3969756302549646)
('NAT1', 'NDC80', -0.046285279102817614)
('NAT1', 'NUF2', 0.11274597178701544)
('NAT1', 'PGR', -0.06419529910532801)
('NAT1', 'PHGDH', -0.2596332495878859)
('NAT1', 'RRM2', -0.11140159515404405)
('NAT1', 'SFRP1', -0.019714616772036897)
('NAT1', 'SLC39A6', -0.16795715401840944)
('NAT1', 'TYMS', -0.12586802188132126)
('NAT1', 'UBE2C', 0.1945845624052873)
('NAT1', 'UBE2T', 0.30979823341895996)
('NDC80', 'ACTR3B', 0.002637280766690833)
('NDC80', 'ANLN', -0.07286464688415895)
('NDC80', 'BAG1', 0.01348325255910814)
('NDC80', 'BCL2', 0.09506793388000483)
('NDC80', 'BIRC5', -0.006391448246333004)
('NDC80', 'BLVRA', -0.15168371836755784)
('NDC80', 'CCNB1', -0.35140287225898287)
('NDC80', 'CCNE1', 0.3046118529319532)
('NDC80', 'CDC20', 0.29315052123477614)
('NDC80', 'CDH3', 0.23595480339961186)
('NDC80', 'CENPF', -0.0791331534387839)
('NDC80', 'CEP55', -0.04714610984810447)
('NDC80', 'CXXC5', -0.2773504035770718)
('NDC80', 'EGFR', 0.09254029736852701)
('NDC80', 'ERBB2', 0.11365774434698343)
('NDC80', 'ESR1', 0.11249679737889473)
('NDC80', 'EXO1', -0.06013086094325943)
('NDC80', 'FGFR4', -0.29548333398566845)
('NDC80', 'FOXA1', -0.06691794488395551)
('NDC80', 'FOXC1', 0.1316941377960022)
('NDC80', 'GRB7', 0.12865681118257952)
('NDC80', 'KIF2C', 0.21872585679597809)
('NDC80', 'KRT14', 0.04379979755100507)
('NDC80', 'KRT17', 0.04379979755100507)
('NDC80', 'KRT5', -0.39488708348586854)
('NDC80', 'MAPT', -0.1467856451968183)
('NDC80', 'MELK', 0.12784590755532851)
('NDC80', 'MKI67', 0.03961845834764917)
('NDC80', 'MLPH', -0.027577577076275502)
('NDC80', 'MMP11', 0.18674143541809377)
('NDC80', 'MYC', 0.1629840538103332)
('NDC80', 'NAT1', 0.13979327334447)
('NDC80', 'NDC80', 0.4907202731846828)
('NDC80', 'NUF2', 0.11261466565277842)
('NDC80', 'PGR', -0.01181020295764926)
('NDC80', 'PHGDH', 0.3135941667897656)
('NDC80', 'RRM2', -0.06097006723737657)
('NDC80', 'SFRP1', -0.031120259173723016)
('NDC80', 'SLC39A6', 0.22949845193712592)
('NDC80', 'TYMS', 0.4448941126140957)
('NDC80', 'UBE2C', 0.048938147553189655)
('NDC80', 'UBE2T', -0.04275214818047915)
('NUF2', 'ACTR3B', 0.12456101424836549)
('NUF2', 'ANLN', 0.009777543168656345)
('NUF2', 'BAG1', 0.027070370750411167)
('NUF2', 'BCL2', 0.004164831911655609)
('NUF2', 'BIRC5', 0.02548510991621357)
('NUF2', 'BLVRA', -0.05956018599188316)
('NUF2', 'CCNB1', -0.26848651548764474)
('NUF2', 'CCNE1', 0.21391173845132003)
('NUF2', 'CDC20', 0.0789151725718745)
('NUF2', 'CDH3', 0.37194180679791294)
('NUF2', 'CENPF', 0.2116129634148244)
('NUF2', 'CEP55', -0.13035355393721954)
('NUF2', 'CXXC5', -0.1825422718730747)
('NUF2', 'EGFR', 0.13438542279277707)
('NUF2', 'ERBB2', 0.07464388737004807)
('NUF2', 'ESR1', 0.17871494621864434)
('NUF2', 'EXO1', 0.24446268331734286)
('NUF2', 'FGFR4', -0.19276106925294545)
('NUF2', 'FOXA1', -0.01705551225336822)
('NUF2', 'FOXC1', 0.2266267588005938)
('NUF2', 'GRB7', 0.09132748251826946)
('NUF2', 'KIF2C', 0.0012634398695358813)
('NUF2', 'KRT14', -0.011640235918162435)
('NUF2', 'KRT17', -0.011640235918162435)
('NUF2', 'KRT5', -0.23826077619203517)
('NUF2', 'MAPT', -0.11688188248469515)
('NUF2', 'MELK', 0.07273969733971626)
('NUF2', 'MKI67', -0.16015860150978226)
('NUF2', 'MLPH', -0.035393657191303406)
('NUF2', 'MMP11', -0.09884811925196084)
('NUF2', 'MYC', 0.0694483827710196)
('NUF2', 'NAT1', 0.1983558659575988)
('NUF2', 'NDC80', 0.1343863187369006)
('NUF2', 'NUF2', 0.387063323465064)
('NUF2', 'PGR', 0.10772530008599354)
('NUF2', 'PHGDH', 0.022684826725946104)
('NUF2', 'RRM2', 0.05312079206425293)
('NUF2', 'SFRP1', -0.09882846224332702)
('NUF2', 'SLC39A6', 0.12940908290139413)
('NUF2', 'TYMS', 0.19477010385670532)
('NUF2', 'UBE2C', 0.08635328557217026)
('NUF2', 'UBE2T', 0.25718781478307773)
('PGR', 'ACTR3B', 0.10887084561655366)
('PGR', 'ANLN', 0.049697094993020205)
('PGR', 'BAG1', -0.24459170161557733)
('PGR', 'BCL2', 0.11343845900107428)
('PGR', 'BIRC5', -0.09962638769787327)
('PGR', 'BLVRA', -0.044788804182748)
('PGR', 'CCNB1', 0.5306461539241561)
('PGR', 'CCNE1', -0.1343445106409609)
('PGR', 'CDC20', -0.3037754660093168)
('PGR', 'CDH3', -0.3922835896658284)
('PGR', 'CENPF', 0.3355152421083954)
('PGR', 'CEP55', 0.09701758553954808)
('PGR', 'CXXC5', 0.4012482127816745)
('PGR', 'EGFR', -0.1589054986760505)
('PGR', 'ERBB2', -0.18119372101678446)
('PGR', 'ESR1', -0.07558661882973615)
('PGR', 'EXO1', 0.19216916597833086)
('PGR', 'FGFR4', 0.5070931601255309)
('PGR', 'FOXA1', 0.2985145774650958)
('PGR', 'FOXC1', -0.1561360396577837)
('PGR', 'GRB7', -0.16885410174156917)
('PGR', 'KIF2C', -0.17518456061536541)
('PGR', 'KRT14', 0.1988329259804329)
('PGR', 'KRT17', 0.1988329259804329)
('PGR', 'KRT5', 0.27402255445097284)
('PGR', 'MAPT', 0.21360712162649026)
('PGR', 'MELK', -0.22371781060407456)
('PGR', 'MKI67', 0.10277366480899157)
('PGR', 'MLPH', 0.08029815018422265)
('PGR', 'MMP11', -0.0434869025426867)
('PGR', 'MYC', -0.12846519505915424)
('PGR', 'NAT1', 0.13657955052699483)
('PGR', 'NDC80', -0.023908213443493465)
('PGR', 'NUF2', 0.0019671617612481095)
('PGR', 'PGR', -0.13467661442114945)
('PGR', 'PHGDH', -0.15912714748130008)
('PGR', 'RRM2', -0.251891200871298)
('PGR', 'SFRP1', -0.028602497663843665)
('PGR', 'SLC39A6', 0.04806173277614694)
('PGR', 'TYMS', -0.019987514325413097)
('PGR', 'UBE2C', 0.11878646869929228)
('PGR', 'UBE2T', 0.26247829971838943)
('PHGDH', 'ACTR3B', -0.026528147222528237)
('PHGDH', 'ANLN', -0.008317272684854278)
('PHGDH', 'BAG1', 0.04244361714342719)
('PHGDH', 'BCL2', -0.12763597801274562)
('PHGDH', 'BIRC5', -0.03666102078505386)
('PHGDH', 'BLVRA', -0.09599731474316583)
('PHGDH', 'CCNB1', -0.48382829647594544)
('PHGDH', 'CCNE1', 0.08482866748027065)
('PHGDH', 'CDC20', 0.29613461024011023)
('PHGDH', 'CDH3', 0.21715804682496118)
('PHGDH', 'CENPF', -0.18268362107498515)
('PHGDH', 'CEP55', 0.02954406131595806)
('PHGDH', 'CXXC5', -0.3958976910352424)
('PHGDH', 'EGFR', 0.044339650355013464)
('PHGDH', 'ERBB2', -0.025805575085137537)
('PHGDH', 'ESR1', 0.10640000939060897)
('PHGDH', 'EXO1', -0.002935246319216586)
('PHGDH', 'FGFR4', -0.5174545547737427)
('PHGDH', 'FOXA1', -0.2570846011151072)
('PHGDH', 'FOXC1', 0.10571183602022384)
('PHGDH', 'GRB7', -0.039442271236710104)
('PHGDH', 'KIF2C', 0.12999745017520056)
('PHGDH', 'KRT14', -0.19936526371022598)
('PHGDH', 'KRT17', -0.19936526371022598)
('PHGDH', 'KRT5', -0.26715605907169354)
('PHGDH', 'MAPT', -0.3009828669766839)
('PHGDH', 'MELK', 0.12593072470975444)
('PHGDH', 'MKI67', 0.16311297681563805)
('PHGDH', 'MLPH', -0.20032706998127026)
('PHGDH', 'MMP11', 0.027834354483263473)
('PHGDH', 'MYC', 0.08475723299028656)
('PHGDH', 'NAT1', 0.0729204763320043)
('PHGDH', 'NDC80', 0.19795932767813643)
('PHGDH', 'NUF2', 0.1519550913254977)
('PHGDH', 'PGR', 0.19179302571322165)
('PHGDH', 'PHGDH', 0.2992082482996262)
('PHGDH', 'RRM2', 0.05829681033241572)
('PHGDH', 'SFRP1', -0.1293133947138667)
('PHGDH', 'SLC39A6', -0.08749613420073285)
('PHGDH', 'TYMS', 0.09513556973590447)
('PHGDH', 'UBE2C', -0.11227436783702935)
('PHGDH', 'UBE2T', -0.13082056246589982)
('RRM2', 'ACTR3B', -0.2003926362126927)
('RRM2', 'ANLN', -0.12786484639100104)
('RRM2', 'BAG1', -0.19981695003628205)
('RRM2', 'BCL2', -0.0877484197778875)
('RRM2', 'BIRC5', 0.18312835362904772)
('RRM2', 'BLVRA', -0.020174214339792614)
('RRM2', 'CCNB1', -0.2174571159435469)
('RRM2', 'CCNE1', -0.06770304703858779)
('RRM2', 'CDC20', 0.05137298061373499)
('RRM2', 'CDH3', 0.09614554089470241)
('RRM2', 'CENPF', -0.1578570484967551)
('RRM2', 'CEP55', -0.010245387832499354)
('RRM2', 'CXXC5', -0.20245412054146858)
('RRM2', 'EGFR', 0.10250340973077202)
('RRM2', 'ERBB2', 0.32048645738983766)
('RRM2', 'ESR1', 0.2093606710868436)
('RRM2', 'EXO1', -0.09608463514596735)
('RRM2', 'FGFR4', -0.20578945212324157)
('RRM2', 'FOXA1', -0.026495835550244592)
('RRM2', 'FOXC1', 0.025948789862860137)
('RRM2', 'GRB7', 0.2973701067962833)
('RRM2', 'KIF2C', -0.008609073576357835)
('RRM2', 'KRT14', -0.13611602064835307)
('RRM2', 'KRT17', -0.13611602064835307)
('RRM2', 'KRT5', -0.1413016974524631)
('RRM2', 'MAPT', -0.038522563162246524)
('RRM2', 'MELK', -0.0024675291388590987)
('RRM2', 'MKI67', -0.0589748872103386)
('RRM2', 'MLPH', 0.03195075341352973)
('RRM2', 'MMP11', 0.05610985591094566)
('RRM2', 'MYC', 0.0877692366905269)
('RRM2', 'NAT1', 0.19033863369893952)
('RRM2', 'NDC80', -0.13412320616144754)
('RRM2', 'NUF2', -0.005921052410480124)
('RRM2', 'PGR', 0.09713307598994658)
('RRM2', 'PHGDH', 0.06514363376908511)
('RRM2', 'RRM2', 0.1854926581178678)
('RRM2', 'SFRP1', 0.0062946741853753185)
('RRM2', 'SLC39A6', -0.07255080292508863)
('RRM2', 'TYMS', -0.10211784739938873)
('RRM2', 'UBE2C', 0.22516400330829048)
('RRM2', 'UBE2T', -0.09748077891733702)
('SFRP1', 'ACTR3B', 0.32439537225712395)
('SFRP1', 'ANLN', -0.15480786751942732)
('SFRP1', 'BAG1', 0.3162061421256697)
('SFRP1', 'BCL2', -0.04959777873241805)
('SFRP1', 'BIRC5', -0.03206337446188206)
('SFRP1', 'BLVRA', -0.1728127734200818)
('SFRP1', 'CCNB1', -0.4365251236012127)
('SFRP1', 'CCNE1', 0.24186683025055541)
('SFRP1', 'CDC20', 0.23691750808764714)
('SFRP1', 'CDH3', 0.22076618682422894)
('SFRP1', 'CENPF', -0.07884496777342419)
('SFRP1', 'CEP55', 0.08751482291569619)
('SFRP1', 'CXXC5', -0.38978656066506884)
('SFRP1', 'EGFR', -0.07530403756186371)
('SFRP1', 'ERBB2', -0.26799666932360855)
('SFRP1', 'ESR1', 0.05413176302317466)
('SFRP1', 'EXO1', -0.01337911458802474)
('SFRP1', 'FGFR4', -0.48929620193131923)
('SFRP1', 'FOXA1', -0.23865505858783395)
('SFRP1', 'FOXC1', 0.08631278663435371)
('SFRP1', 'GRB7', -0.2924777594322626)
('SFRP1', 'KIF2C', 0.1607408768689625)
('SFRP1', 'KRT14', -0.1851860570848474)
('SFRP1', 'KRT17', -0.1851860570848474)
('SFRP1', 'KRT5', -0.42566134253268906)
('SFRP1', 'MAPT', -0.20708642159754403)
('SFRP1', 'MELK', 0.203881224956789)
('SFRP1', 'MKI67', 0.01971985031368658)
('SFRP1', 'MLPH', -0.09371353927691939)
('SFRP1', 'MMP11', -0.031089036601669364)
('SFRP1', 'MYC', -0.1231835703242659)
('SFRP1', 'NAT1', 0.024390879863148945)
('SFRP1', 'NDC80', 0.008015167696702817)
('SFRP1', 'NUF2', 0.15803242956253688)
('SFRP1', 'PGR', 0.2621301426255486)
('SFRP1', 'PHGDH', 0.02120583605575422)
('SFRP1', 'RRM2', 0.09246811920774198)
('SFRP1', 'SFRP1', 0.16058806023715913)
('SFRP1', 'SLC39A6', 0.07476834825664239)
('SFRP1', 'TYMS', 0.01909843900068691)
('SFRP1', 'UBE2C', -0.2953775827290108)
('SFRP1', 'UBE2T', -0.0720893081298913)
('SLC39A6', 'ACTR3B', 0.08295796238887798)
('SLC39A6', 'ANLN', -0.01085447362487324)
('SLC39A6', 'BAG1', -0.3123560103379357)
('SLC39A6', 'BCL2', 0.22866997934540478)
('SLC39A6', 'BIRC5', 0.09854534171346918)
('SLC39A6', 'BLVRA', 0.15366767882711205)
('SLC39A6', 'CCNB1', 0.5059072657957234)
('SLC39A6', 'CCNE1', -0.239543619519061)
('SLC39A6', 'CDC20', -0.24832872651292948)
('SLC39A6', 'CDH3', -0.2844702067552376)
('SLC39A6', 'CENPF', 0.2399873288543095)
('SLC39A6', 'CEP55', -0.062048898357446626)
('SLC39A6', 'CXXC5', 0.40173718097498556)
('SLC39A6', 'EGFR', -0.07201610705700488)
('SLC39A6', 'ERBB2', -0.11618217306365554)
('SLC39A6', 'ESR1', -0.16597569901364428)
('SLC39A6', 'EXO1', 0.06877715698432009)
('SLC39A6', 'FGFR4', 0.44190030697850885)
('SLC39A6', 'FOXA1', 0.21895453385389446)
('SLC39A6', 'FOXC1', -0.3013105838139426)
('SLC39A6', 'GRB7', -0.10058605640495666)
('SLC39A6', 'KIF2C', -0.14616254046360838)
('SLC39A6', 'KRT14', 0.18520905500107018)
('SLC39A6', 'KRT17', 0.18520905500107018)
('SLC39A6', 'KRT5', 0.260138271855597)
('SLC39A6', 'MAPT', 0.20229023673396776)
('SLC39A6', 'MELK', -0.156101311093956)
('SLC39A6', 'MKI67', -0.1449279376564558)
('SLC39A6', 'MLPH', 0.16344890746840654)
('SLC39A6', 'MMP11', -0.1784955680481918)
('SLC39A6', 'MYC', -0.17368083684993318)
('SLC39A6', 'NAT1', 0.005122971349585817)
('SLC39A6', 'NDC80', -0.018152712889006967)
('SLC39A6', 'NUF2', -0.021432245276662865)
('SLC39A6', 'PGR', -0.2609190785655224)
('SLC39A6', 'PHGDH', -0.1825475141484636)
('SLC39A6', 'RRM2', -0.14040012327550971)
('SLC39A6', 'SFRP1', -0.028087319894089326)
('SLC39A6', 'SLC39A6', 0.1637749186353685)
('SLC39A6', 'TYMS', -0.019070739904245668)
('SLC39A6', 'UBE2C', 0.09321612304800224)
('SLC39A6', 'UBE2T', 0.15653725451692674)
('TYMS', 'ACTR3B', -0.050083026109584386)
('TYMS', 'ANLN', -0.2806153431203203)
('TYMS', 'BAG1', -0.07092998485643766)
('TYMS', 'BCL2', 0.1831822897626333)
('TYMS', 'BIRC5', 0.018592950481467974)
('TYMS', 'BLVRA', -0.23988720438658287)
('TYMS', 'CCNB1', -0.2073137773181261)
('TYMS', 'CCNE1', 0.15268638173830354)
('TYMS', 'CDC20', 0.2838621311353185)
('TYMS', 'CDH3', 0.1246422578995694)
('TYMS', 'CENPF', -0.15362196623193786)
('TYMS', 'CEP55', 0.07123095375119023)
('TYMS', 'CXXC5', -0.16738633830193209)
('TYMS', 'EGFR', 0.1868288783890717)
('TYMS', 'ERBB2', -0.06934389709426537)
('TYMS', 'ESR1', 0.127705819975168)
('TYMS', 'EXO1', -0.014414081514794534)
('TYMS', 'FGFR4', -0.22956345599555433)
('TYMS', 'FOXA1', -0.11875163214133327)
('TYMS', 'FOXC1', 0.12307636460183088)
('TYMS', 'GRB7', -0.06157996928513352)
('TYMS', 'KIF2C', 0.24503511543035345)
('TYMS', 'KRT14', -0.0037349053891855837)
('TYMS', 'KRT17', -0.0037349053891855837)
('TYMS', 'KRT5', -0.3928375838506312)
('TYMS', 'MAPT', -0.0550706488166019)
('TYMS', 'MELK', -0.025814153792006973)
('TYMS', 'MKI67', 0.03954804886745428)
('TYMS', 'MLPH', -0.03811330032659852)
('TYMS', 'MMP11', 0.21131772800531007)
('TYMS', 'MYC', 0.039984089788598624)
('TYMS', 'NAT1', 0.1142343214804659)
('TYMS', 'NDC80', 0.33793676442441584)
('TYMS', 'NUF2', -0.09973454913788585)
('TYMS', 'PGR', -0.08749459078361604)
('TYMS', 'PHGDH', 0.2845373018495398)
('TYMS', 'RRM2', -0.16100859544591095)
('TYMS', 'SFRP1', -0.028846221686835552)
('TYMS', 'SLC39A6', 0.41687088897678193)
('TYMS', 'TYMS', 0.5189713418193246)
('TYMS', 'UBE2C', 0.18178070104856006)
('TYMS', 'UBE2T', -0.1783180075603426)
('UBE2C', 'ACTR3B', -0.050060391983278676)
('UBE2C', 'ANLN', -0.03921353016505612)
('UBE2C', 'BAG1', -0.0398081489839884)
('UBE2C', 'BCL2', 0.006320304067193626)
('UBE2C', 'BIRC5', 0.11905585140901015)
('UBE2C', 'BLVRA', -0.14873406736291658)
('UBE2C', 'CCNB1', -0.40365243720210736)
('UBE2C', 'CCNE1', 0.1696632993206576)
('UBE2C', 'CDC20', 0.15818268353648035)
('UBE2C', 'CDH3', 0.23881551912025278)
('UBE2C', 'CENPF', -0.06328179598014506)
('UBE2C', 'CEP55', -0.017220839021476975)
('UBE2C', 'CXXC5', -0.32216224565498885)
('UBE2C', 'EGFR', 0.12791628629298157)
('UBE2C', 'ERBB2', 0.11525403758144817)
('UBE2C', 'ESR1', 0.24857560545562865)
('UBE2C', 'EXO1', -0.023103922395700437)
('UBE2C', 'FGFR4', -0.2861473533356407)
('UBE2C', 'FOXA1', -0.026397875915259827)
('UBE2C', 'FOXC1', 0.14498041856830113)
('UBE2C', 'GRB7', 0.11672456743666135)
('UBE2C', 'KIF2C', 0.14593779907960305)
('UBE2C', 'KRT14', -0.07789622629355221)
('UBE2C', 'KRT17', -0.07789622629355221)
('UBE2C', 'KRT5', -0.30116181227711414)
('UBE2C', 'MAPT', -0.1404484358785306)
('UBE2C', 'MELK', -0.03865268359420398)
('UBE2C', 'MKI67', -0.05454280471937238)
('UBE2C', 'MLPH', -0.05762230875506154)
('UBE2C', 'MMP11', 0.09405189518395653)
('UBE2C', 'MYC', 0.24292996687399035)
('UBE2C', 'NAT1', 0.05806904555417068)
('UBE2C', 'NDC80', 0.11953210810318107)
('UBE2C', 'NUF2', 0.02926258142951557)
('UBE2C', 'PGR', -0.06515963824529726)
('UBE2C', 'PHGDH', 0.09320538560975372)
('UBE2C', 'RRM2', 0.07970881489225957)
('UBE2C', 'SFRP1', -0.07284360779656349)
('UBE2C', 'SLC39A6', 0.14596291737862133)
('UBE2C', 'TYMS', 0.208842433002034)
('UBE2C', 'UBE2C', 0.39552550612707454)
('UBE2C', 'UBE2T', -0.07346896655400688)
('UBE2T', 'ACTR3B', 0.05506515301429166)
('UBE2T', 'ANLN', 0.03162008010730763)
('UBE2T', 'BAG1', 0.01462754805277215)
('UBE2T', 'BCL2', 0.023798552032408146)
('UBE2T', 'BIRC5', 0.043327153408854555)
('UBE2T', 'BLVRA', -0.038513948186408596)
('UBE2T', 'CCNB1', -0.24165847450137018)
('UBE2T', 'CCNE1', 0.22865314569802617)
('UBE2T', 'CDC20', 0.11715515508282554)
('UBE2T', 'CDH3', 0.1350642896281689)
('UBE2T', 'CENPF', 0.21931470869567626)
('UBE2T', 'CEP55', -0.01744111388551944)
('UBE2T', 'CXXC5', -0.19520732479992067)
('UBE2T', 'EGFR', 0.16904994625291195)
('UBE2T', 'ERBB2', 0.20691029729042976)
('UBE2T', 'ESR1', 0.16686443887207272)
('UBE2T', 'EXO1', 0.18481823787892415)
('UBE2T', 'FGFR4', -0.16912335678066318)
('UBE2T', 'FOXA1', -0.03560408879760357)
('UBE2T', 'FOXC1', 0.2535440913290051)
('UBE2T', 'GRB7', 0.20330353550965108)
('UBE2T', 'KIF2C', 0.10342926404447181)
('UBE2T', 'KRT14', 0.13053831549787212)
('UBE2T', 'KRT17', 0.13053831549787212)
('UBE2T', 'KRT5', -0.2466173118571499)
('UBE2T', 'MAPT', -0.03683367013302408)
('UBE2T', 'MELK', -0.05509339286668778)
('UBE2T', 'MKI67', -0.1153579551190733)
('UBE2T', 'MLPH', 0.01355946406391694)
('UBE2T', 'MMP11', 0.11485870829036925)
('UBE2T', 'MYC', 0.2750148673635565)
('UBE2T', 'NAT1', 0.1305998221605876)
('UBE2T', 'NDC80', 0.13543333030135185)
('UBE2T', 'NUF2', 0.24225764145801515)
('UBE2T', 'PGR', 0.03998267053079025)
('UBE2T', 'PHGDH', 0.09897945405399595)
('UBE2T', 'RRM2', 0.07815841630528497)
('UBE2T', 'SFRP1', -0.0194247742296084)
('UBE2T', 'SLC39A6', 0.16494528477063558)
('UBE2T', 'TYMS', 0.24584611396255027)
('UBE2T', 'UBE2C', 0.19124740861358833)
('UBE2T', 'UBE2T', 0.19353546023971094)
